-- phpMyAdmin SQL Dump
-- version 4.7.4
-- https://www.phpmyadmin.net/
--
-- Host: 127.0.0.1
-- Generation Time: Jul 09, 2018 at 09:26 AM
-- Server version: 10.1.30-MariaDB
-- PHP Version: 7.2.1

SET SQL_MODE = "NO_AUTO_VALUE_ON_ZERO";
SET AUTOCOMMIT = 0;
START TRANSACTION;
SET time_zone = "+00:00";


/*!40101 SET @OLD_CHARACTER_SET_CLIENT=@@CHARACTER_SET_CLIENT */;
/*!40101 SET @OLD_CHARACTER_SET_RESULTS=@@CHARACTER_SET_RESULTS */;
/*!40101 SET @OLD_COLLATION_CONNECTION=@@COLLATION_CONNECTION */;
/*!40101 SET NAMES utf8mb4 */;

--
-- Database: `seafood_db`
--

-- --------------------------------------------------------

--
-- Table structure for table `about`
--

CREATE TABLE `about` (
  `id` int(11) NOT NULL,
  `slug` varchar(255) COLLATE utf8mb4_unicode_ci DEFAULT NULL,
  `avatar` text COLLATE utf8mb4_unicode_ci,
  `image` text COLLATE utf8mb4_unicode_ci NOT NULL,
  `is_deleted` tinyint(4) NOT NULL DEFAULT '0',
  `facebook` text COLLATE utf8mb4_unicode_ci NOT NULL,
  `instagram` text COLLATE utf8mb4_unicode_ci NOT NULL,
  `created_at` datetime NOT NULL,
  `created_by` varchar(100) COLLATE utf8mb4_unicode_ci NOT NULL,
  `updated_at` datetime NOT NULL,
  `updated_by` varchar(100) COLLATE utf8mb4_unicode_ci NOT NULL
) ENGINE=InnoDB DEFAULT CHARSET=utf8mb4 COLLATE=utf8mb4_unicode_ci ROW_FORMAT=COMPACT;

--
-- Dumping data for table `about`
--

INSERT INTO `about` (`id`, `slug`, `avatar`, `image`, `is_deleted`, `facebook`, `instagram`, `created_at`, `created_by`, `updated_at`, `updated_by`) VALUES
(1, 'gioi-thieu', '03ab94798a412ad67a3a0c6c0159fd22.jpg', '[\"48fbb85c45302b497d333b3b3fcca015.jpg\",\"03ab94798a412ad67a3a0c6c0159fd22.jpg\",\"432fd4823bf1976e24a658be1a8efac1.jpg\"]', 0, '', '', '2018-04-24 10:17:58', 'administrator', '2018-04-24 10:17:58', 'administrator');

-- --------------------------------------------------------

--
-- Table structure for table `about_lang`
--

CREATE TABLE `about_lang` (
  `id` int(11) NOT NULL,
  `about_id` int(11) NOT NULL,
  `title` varchar(255) CHARACTER SET utf8mb4 COLLATE utf8mb4_unicode_ci NOT NULL,
  `description` text COLLATE utf8_unicode_ci,
  `content` text CHARACTER SET utf8mb4 COLLATE utf8mb4_unicode_ci NOT NULL,
  `language` varchar(255) CHARACTER SET utf8mb4 COLLATE utf8mb4_unicode_ci NOT NULL
) ENGINE=InnoDB DEFAULT CHARSET=utf8 COLLATE=utf8_unicode_ci ROW_FORMAT=COMPACT;

--
-- Dumping data for table `about_lang`
--

INSERT INTO `about_lang` (`id`, `about_id`, `title`, `description`, `content`, `language`) VALUES
(1, 1, ' giới thiệu', NULL, '<p>Tr&ecirc;n sait depuis longtemps que travailler avec du texte lisible v&agrave; contenant du sens l&agrave; nguồn g&acirc;y mất tập trung, et emp&ecirc;che de se concentrer sur la mise en trang elle-m&ecirc;me. L\'avantage du Lorem Ipsum sur un texte g&eacute;n&eacute;rique comme \'Du texte. Du texte. Du texte. \' est qu\'il poss&egrave;de une distribution de lettres plus ou moins normale, et en tout cas so s&aacute;nh chuẩn avec celle du fran&ccedil;ais. De nombreuses suites logicielles de mise en trang của c&aacute;c trang web Web ont fait du Lorem Ipsum leur faux texte par d&eacute;faut, v&agrave; une recherche pour \'Lorem Ipsum\' vous conduira vers de nombreux sites quy n\'en sont encore qu\'&agrave; leur phase de x&acirc;y dựng. C&aacute;c phi&ecirc;n bản của Plusieurs c&oacute; thể được sử dụng để m&ocirc; tả c&aacute;c t&igrave;nh huống xấu, sự cố xảy ra, sự cố &yacute; thức (histoire d\'y rajouter de petits), c&aacute;c cụm từ ngụy biện (embarassantes).</p>', 'vi'),
(2, 1, ' About                                              ', NULL, '<p>On sait depuis longtemps que travailler avec du texte lisible et contenant du sens est source de distractions, et emp&ecirc;che de se concentrer sur la mise en page elle-m&ecirc;me. L\'avantage du Lorem Ipsum sur un texte g&eacute;n&eacute;rique comme \'Du texte. Du texte. Du texte.\' est qu\'il poss&egrave;de une distribution de lettres plus ou moins normale, et en tout cas comparable avec celle du fran&ccedil;ais standard. De nombreuses suites logicielles de mise en page ou &eacute;diteurs de sites Web ont fait du Lorem Ipsum leur faux texte par d&eacute;faut, et une recherche pour \'Lorem Ipsum\' vous conduira vers de nombreux sites qui n\'en sont encore qu\'&agrave; leur phase de construction. Plusieurs versions sont apparues avec le temps, parfois par accident, souvent intentionnellement (histoire d\'y rajouter de petits clins d\'oeil, voire des phrases embarassantes).</p>', 'en'),
(3, 1, '关于                                   ', NULL, '<p>关于如何处理这些问题，请参阅以下内容：elle-m&ecirc;me。 L\'avantage du Lorem Ipsum sur un texteg&eacute;n&eacute;riquecomme\'Du texte。 Du texte。 Du texte。&ldquo; est qu\'ilposs&egrave;deune distribution de lettres plus ou moins normale，et en tout cas cave avec celle dufran&ccedil;aisstandard。 De nombreuses suite logicielles de mise en page ou&eacute;diteurs de sites Web ont fait du Lorem Ipsum leur faux texte pard&eacute;faut，et une recherche pour\'Lorem Ipsum\'vous conduira vers de nombreux sites qui n\'en sont encorequ\'&agrave;leur phase de 施工。 Plusieurs版本不适用于临时工，parfois par事故，souvent意图元件（histoire d\'y rajouter de petits clins d\'oeil，voire des phrases embarassantes</p>', 'cn');

-- --------------------------------------------------------

--
-- Table structure for table `banner`
--

CREATE TABLE `banner` (
  `id` int(11) NOT NULL,
  `image` text COLLATE utf8mb4_unicode_ci NOT NULL,
  `is_deleted` tinyint(4) NOT NULL DEFAULT '0',
  `created_at` datetime NOT NULL,
  `created_by` varchar(100) COLLATE utf8mb4_unicode_ci NOT NULL,
  `updated_at` datetime NOT NULL,
  `updated_by` varchar(100) COLLATE utf8mb4_unicode_ci NOT NULL
) ENGINE=InnoDB DEFAULT CHARSET=utf8mb4 COLLATE=utf8mb4_unicode_ci;

--
-- Dumping data for table `banner`
--

INSERT INTO `banner` (`id`, `image`, `is_deleted`, `created_at`, `created_by`, `updated_at`, `updated_by`) VALUES
(16, '27fdd8b191a6723142caacd53d3db768.jpg', 0, '2018-04-24 10:11:16', 'administrator', '2018-04-24 10:11:16', 'administrator');

-- --------------------------------------------------------

--
-- Table structure for table `blog`
--

CREATE TABLE `blog` (
  `id` int(11) NOT NULL,
  `slug` varchar(255) COLLATE utf8mb4_unicode_ci NOT NULL,
  `meta_keywords` text COLLATE utf8mb4_unicode_ci NOT NULL,
  `meta_description` text COLLATE utf8mb4_unicode_ci NOT NULL,
  `image` text COLLATE utf8mb4_unicode_ci NOT NULL,
  `is_activated` tinyint(4) NOT NULL DEFAULT '1',
  `created_at` datetime NOT NULL,
  `created_by` varchar(100) COLLATE utf8mb4_unicode_ci NOT NULL,
  `updated_at` datetime NOT NULL,
  `updated_by` varchar(100) COLLATE utf8mb4_unicode_ci NOT NULL,
  `is_deleted` tinyint(4) NOT NULL DEFAULT '0'
) ENGINE=InnoDB DEFAULT CHARSET=utf8mb4 COLLATE=utf8mb4_unicode_ci;

--
-- Dumping data for table `blog`
--

INSERT INTO `blog` (`id`, `slug`, `meta_keywords`, `meta_description`, `image`, `is_activated`, `created_at`, `created_by`, `updated_at`, `updated_by`, `is_deleted`) VALUES
(1, 'test', 'ádas', 'ádasd', '30c33b5d2bad287fbc40489d0cbf6c23.jpg', 1, '2018-07-09 10:13:43', 'administrator', '2018-07-09 10:19:39', 'administrator', 0),
(2, '1', '1', '1', 'cbb2435c636004d1f907d469e4bf5e16.jpg', 1, '2018-07-09 10:15:09', 'administrator', '2018-07-09 10:38:53', 'administrator', 0),
(3, '2', '', '', '825fe80c617b5e2e3cfd89c04ea7a236.jpg', 1, '2018-07-09 10:54:53', 'administrator', '2018-07-09 10:54:53', 'administrator', 0),
(4, '3', '', '', 'c4589ac6f387c1124122f4e1d5c35421.jpg', 1, '2018-07-09 10:55:18', 'administrator', '2018-07-09 10:55:18', 'administrator', 0),
(5, '4', '', '', 'a01c86a9146b0f4f09b4aee108d28488.jpg', 1, '2018-07-09 10:55:33', 'administrator', '2018-07-09 10:55:33', 'administrator', 0);

-- --------------------------------------------------------

--
-- Table structure for table `blog_lang`
--

CREATE TABLE `blog_lang` (
  `id` int(11) NOT NULL,
  `blog_id` int(11) NOT NULL,
  `title` text COLLATE utf8mb4_unicode_ci NOT NULL,
  `description` text COLLATE utf8mb4_unicode_ci NOT NULL,
  `content` text COLLATE utf8mb4_unicode_ci NOT NULL,
  `language` varchar(4) COLLATE utf8mb4_unicode_ci NOT NULL
) ENGINE=InnoDB DEFAULT CHARSET=utf8mb4 COLLATE=utf8mb4_unicode_ci;

--
-- Dumping data for table `blog_lang`
--

INSERT INTO `blog_lang` (`id`, `blog_id`, `title`, `description`, `content`, `language`) VALUES
(1, 1, 'vi', '  test', '<p>test</p>', 'vi'),
(2, 1, ' en', '  test  ', '<p>test</p>', 'en'),
(3, 1, 'cn', 'test  ', '<p>test</p>', 'cn'),
(4, 2, '1 vi', '  1', '<p>1</p>', 'vi'),
(5, 2, ' 1 en', '  1  ', '<p>1</p>', 'en'),
(6, 2, '1 cn', '1  ', '<p>1</p>', 'cn'),
(7, 3, '2', '', '', 'vi'),
(8, 3, '2', '', '', 'en'),
(9, 3, '2', '', '', 'cn'),
(10, 4, '3', '', '', 'vi'),
(11, 4, '3', '', '', 'en'),
(12, 4, '3', '', '', 'cn'),
(13, 5, '4', '', '', 'vi'),
(14, 5, '4', '', '', 'en'),
(15, 5, '4', '', '', 'cn');

-- --------------------------------------------------------

--
-- Table structure for table `break`
--

CREATE TABLE `break` (
  `id` int(11) NOT NULL,
  `created_at` datetime NOT NULL,
  `created_by` varchar(100) COLLATE utf8mb4_unicode_ci NOT NULL,
  `updated_at` datetime NOT NULL,
  `updated_by` varchar(100) COLLATE utf8mb4_unicode_ci NOT NULL,
  `image` text COLLATE utf8mb4_unicode_ci NOT NULL
) ENGINE=InnoDB DEFAULT CHARSET=utf8mb4 COLLATE=utf8mb4_unicode_ci;

--
-- Dumping data for table `break`
--

INSERT INTO `break` (`id`, `created_at`, `created_by`, `updated_at`, `updated_by`, `image`) VALUES
(1, '2018-04-21 14:58:41', 'administrator', '2018-04-21 14:58:41', 'administrator', '7c5eb542f655a2f474a8fc75683c507c.jpg'),
(2, '2018-04-21 15:42:10', 'administrator', '2018-04-21 15:42:10', 'administrator', 'da5862ae23c28029c2f9d74d554af2ae.jpg');

-- --------------------------------------------------------

--
-- Table structure for table `break_lang`
--

CREATE TABLE `break_lang` (
  `id` int(11) NOT NULL,
  `break_id` int(11) NOT NULL,
  `title` varchar(255) COLLATE utf8mb4_unicode_ci NOT NULL,
  `language` varchar(100) COLLATE utf8mb4_unicode_ci NOT NULL
) ENGINE=InnoDB DEFAULT CHARSET=utf8mb4 COLLATE=utf8mb4_unicode_ci;

--
-- Dumping data for table `break_lang`
--

INSERT INTO `break_lang` (`id`, `break_id`, `title`, `language`) VALUES
(1, 1, ' SỰ KẾT HỢP HOÀN HẢO', 'vi'),
(2, 1, ' PERFECT COMBINATION ', 'en'),
(3, 1, '完美搭配 ', 'cn'),
(4, 2, 'NHỮNG CÔNG THỨC THANH LỊCH', 'vi'),
(5, 2, 'ELEGANT RECIPES', 'en'),
(6, 2, '优雅的食谱', 'cn');

-- --------------------------------------------------------

--
-- Table structure for table `ci_sessions`
--

CREATE TABLE `ci_sessions` (
  `id` varchar(40) COLLATE utf8mb4_unicode_ci NOT NULL,
  `ip_address` varchar(45) COLLATE utf8mb4_unicode_ci NOT NULL,
  `timestamp` int(10) UNSIGNED NOT NULL DEFAULT '0',
  `data` blob NOT NULL
) ENGINE=InnoDB DEFAULT CHARSET=utf8mb4 COLLATE=utf8mb4_unicode_ci;

--
-- Dumping data for table `ci_sessions`
--

INSERT INTO `ci_sessions` (`id`, `ip_address`, `timestamp`, `data`) VALUES
('03f6apbsllutt98pj07dpk90uiodl64f', '::1', 1525838075, 0x5f5f63695f6c6173745f726567656e65726174657c693a313532353833373934363b6964656e746974797c733a31353a2261646d696e4061646d696e2e636f6d223b656d61696c7c733a31353a2261646d696e4061646d696e2e636f6d223b757365725f69647c733a313a2231223b6f6c645f6c6173745f6c6f67696e7c733a31303a2231353235383336333736223b6c6173745f636865636b7c693a313532353833373934363b),
('04gi1cvat6lh7309ibjdhkapgvubp446', '::1', 1526980454, 0x5f5f63695f6c6173745f726567656e65726174657c693a313532363938303435343b6964656e746974797c733a31353a2261646d696e4061646d696e2e636f6d223b656d61696c7c733a31353a2261646d696e4061646d696e2e636f6d223b757365725f69647c733a313a2231223b6f6c645f6c6173745f6c6f67696e7c733a31303a2231353236393539373434223b6c6173745f636865636b7c693a313532363937393434373b),
('061mosa46bsrehcme204ls48b7rom1ve', '::1', 1526981781, 0x5f5f63695f6c6173745f726567656e65726174657c693a313532363938313738313b6964656e746974797c733a31353a2261646d696e4061646d696e2e636f6d223b656d61696c7c733a31353a2261646d696e4061646d696e2e636f6d223b757365725f69647c733a313a2231223b6f6c645f6c6173745f6c6f67696e7c733a31303a2231353236393539373434223b6c6173745f636865636b7c693a313532363937393434373b),
('0k02pvkjcda70kf5rd29g4lvspo5shja', '::1', 1524452588, 0x5f5f63695f6c6173745f726567656e65726174657c693a313532343435323538383b6c616e67416262726576696174696f6e7c733a323a227669223b6964656e746974797c733a31353a2261646d696e4061646d696e2e636f6d223b656d61696c7c733a31353a2261646d696e4061646d696e2e636f6d223b757365725f69647c733a313a2231223b6f6c645f6c6173745f6c6f67696e7c733a31303a2231353234323935383434223b6c6173745f636865636b7c693a313532343435323538383b),
('0sllmjbt6h1fkvq56r9lk7er46ct3cjk', '::1', 1531105495, 0x5f5f63695f6c6173745f726567656e65726174657c693a313533313130353439353b6c616e67416262726576696174696f6e7c733a323a227669223b6964656e746974797c733a31353a2261646d696e4061646d696e2e636f6d223b656d61696c7c733a31353a2261646d696e4061646d696e2e636f6d223b757365725f69647c733a313a2231223b6f6c645f6c6173745f6c6f67696e7c733a31303a2231353239393838303837223b6c6173745f636865636b7c693a313533313130343833313b),
('0vaff712b2c7tgj47uh7qfa5o93cvf9v', '::1', 1526963223, 0x5f5f63695f6c6173745f726567656e65726174657c693a313532363936333232333b6964656e746974797c733a31353a2261646d696e4061646d696e2e636f6d223b656d61696c7c733a31353a2261646d696e4061646d696e2e636f6d223b757365725f69647c733a313a2231223b6f6c645f6c6173745f6c6f67696e7c733a31303a2231353236383837393436223b6c6173745f636865636b7c693a313532363935393734343b),
('0vvre13bjqb5msc4vh68oaduo7bft1th', '::1', 1529293641, 0x5f5f63695f6c6173745f726567656e65726174657c693a313532393239333633393b6964656e746974797c733a31353a2261646d696e4061646d696e2e636f6d223b656d61696c7c733a31353a2261646d696e4061646d696e2e636f6d223b757365725f69647c733a313a2231223b6f6c645f6c6173745f6c6f67696e7c733a31303a2231353238393638363234223b6c6173745f636865636b7c693a313532393239333633393b),
('12ffj2ae5stl0iposj7m8juoopjjbtcd', '::1', 1524542787, 0x5f5f63695f6c6173745f726567656e65726174657c693a313532343534323738373b6964656e746974797c733a31353a2261646d696e4061646d696e2e636f6d223b656d61696c7c733a31353a2261646d696e4061646d696e2e636f6d223b757365725f69647c733a313a2231223b6f6c645f6c6173745f6c6f67696e7c733a31303a2231353234343538303337223b6c6173745f636865636b7c693a313532343533383837363b6c616e67416262726576696174696f6e7c733a323a227669223b),
('13g55b4kumeu3qqpofueah72jkjqqtbg', '::1', 1529988139, 0x5f5f63695f6c6173745f726567656e65726174657c693a313532393938383038373b6964656e746974797c733a31353a2261646d696e4061646d696e2e636f6d223b656d61696c7c733a31353a2261646d696e4061646d696e2e636f6d223b757365725f69647c733a313a2231223b6f6c645f6c6173745f6c6f67696e7c733a31303a2231353239323933363339223b6c6173745f636865636b7c693a313532393938383038373b6d6573736167655f737563636573737c733a32363a2243e1baad70206e68e1baad74207468c3a06e682063c3b46e6721223b5f5f63695f766172737c613a313a7b733a31353a226d6573736167655f73756363657373223b733a333a226f6c64223b7d),
('17ci9r7vjk5psd5okri4210p0fj48ons', '::1', 1525854460, 0x5f5f63695f6c6173745f726567656e65726174657c693a313532353835343335303b6964656e746974797c733a31353a2261646d696e4061646d696e2e636f6d223b656d61696c7c733a31353a2261646d696e4061646d696e2e636f6d223b757365725f69647c733a313a2231223b6f6c645f6c6173745f6c6f67696e7c733a31303a2231353235383337393436223b6c6173745f636865636b7c693a313532353835343335303b),
('1jemtlh5ofhb4laa32u1mpieknq6bedl', '::1', 1525836517, 0x5f5f63695f6c6173745f726567656e65726174657c693a313532353833363337363b6c616e67416262726576696174696f6e7c733a323a227669223b6964656e746974797c733a31353a2261646d696e4061646d696e2e636f6d223b656d61696c7c733a31353a2261646d696e4061646d696e2e636f6d223b757365725f69647c733a313a2231223b6f6c645f6c6173745f6c6f67696e7c733a31303a2231353235333333363236223b6c6173745f636865636b7c693a313532353833363337363b),
('2sj9ihehm6saqsasai2013jdgc65vihn', '::1', 1526440852, 0x5f5f63695f6c6173745f726567656e65726174657c693a313532363434303835323b6964656e746974797c733a31353a2261646d696e4061646d696e2e636f6d223b656d61696c7c733a31353a2261646d696e4061646d696e2e636f6d223b757365725f69647c733a313a2231223b6f6c645f6c6173745f6c6f67696e7c733a31303a2231353236343430353338223b6c6173745f636865636b7c693a313532363434303835323b),
('2tt1bbr40mpgsmda1rcnt6lbkqs9lc1j', '::1', 1524474031, 0x5f5f63695f6c6173745f726567656e65726174657c693a313532343437343033313b6c616e67416262726576696174696f6e7c733a323a227669223b6964656e746974797c733a31353a2261646d696e4061646d696e2e636f6d223b656d61696c7c733a31353a2261646d696e4061646d696e2e636f6d223b757365725f69647c733a313a2231223b6f6c645f6c6173745f6c6f67696e7c733a31303a2231353234343532353838223b6c6173745f636865636b7c693a313532343435383033373b),
('32feidsebhdcs0rvf696phctsj4ear9n', '::1', 1524458880, 0x5f5f63695f6c6173745f726567656e65726174657c693a313532343435383838303b6c616e67416262726576696174696f6e7c733a323a227669223b6964656e746974797c733a31353a2261646d696e4061646d696e2e636f6d223b656d61696c7c733a31353a2261646d696e4061646d696e2e636f6d223b757365725f69647c733a313a2231223b6f6c645f6c6173745f6c6f67696e7c733a31303a2231353234343532353838223b6c6173745f636865636b7c693a313532343435383033373b),
('3ec007btpoeuqoei0aci0gonpsa7n32r', '::1', 1531105179, 0x5f5f63695f6c6173745f726567656e65726174657c693a313533313130353137393b6c616e67416262726576696174696f6e7c733a323a227669223b6964656e746974797c733a31353a2261646d696e4061646d696e2e636f6d223b656d61696c7c733a31353a2261646d696e4061646d696e2e636f6d223b757365725f69647c733a313a2231223b6f6c645f6c6173745f6c6f67696e7c733a31303a2231353239393838303837223b6c6173745f636865636b7c693a313533313130343833313b),
('3sco3us93vnfrrlmbo40bisfvr52lghp', '::1', 1524297850, 0x5f5f63695f6c6173745f726567656e65726174657c693a313532343239373835303b6964656e746974797c733a31353a2261646d696e4061646d696e2e636f6d223b656d61696c7c733a31353a2261646d696e4061646d696e2e636f6d223b757365725f69647c733a313a2231223b6f6c645f6c6173745f6c6f67696e7c733a31303a2231353234303430373434223b6c6173745f636865636b7c693a313532343239353834343b6c616e67416262726576696174696f6e7c733a323a227669223b),
('43gc6nel8q04qmv1sip3u40okdr34i8c', '::1', 1528812557, 0x5f5f63695f6c6173745f726567656e65726174657c693a313532383831323535373b6c616e67416262726576696174696f6e7c733a323a227669223b6964656e746974797c733a31353a2261646d696e4061646d696e2e636f6d223b656d61696c7c733a31353a2261646d696e4061646d696e2e636f6d223b757365725f69647c733a313a2231223b6f6c645f6c6173745f6c6f67696e7c733a31303a2231353238373339363636223b6c6173745f636865636b7c693a313532383831323535373b),
('447778pfnarpgrf18cqkrdd2ueuk2gi3', '::1', 1524540018, 0x5f5f63695f6c6173745f726567656e65726174657c693a313532343534303031383b6964656e746974797c733a31353a2261646d696e4061646d696e2e636f6d223b656d61696c7c733a31353a2261646d696e4061646d696e2e636f6d223b757365725f69647c733a313a2231223b6f6c645f6c6173745f6c6f67696e7c733a31303a2231353234343538303337223b6c6173745f636865636b7c693a313532343533383837363b6c616e67416262726576696174696f6e7c733a323a227669223b),
('4m72gtego7sdhviussfebaf4uf2e8uuu', '::1', 1524542235, 0x5f5f63695f6c6173745f726567656e65726174657c693a313532343534323233353b6964656e746974797c733a31353a2261646d696e4061646d696e2e636f6d223b656d61696c7c733a31353a2261646d696e4061646d696e2e636f6d223b757365725f69647c733a313a2231223b6f6c645f6c6173745f6c6f67696e7c733a31303a2231353234343538303337223b6c6173745f636865636b7c693a313532343533383837363b6c616e67416262726576696174696f6e7c733a323a227669223b),
('4ria1q1rt95l7lmgtn2o3f9n7h5mf46r', '::1', 1524476024, 0x5f5f63695f6c6173745f726567656e65726174657c693a313532343437363032313b6c616e67416262726576696174696f6e7c733a323a227669223b6964656e746974797c733a31353a2261646d696e4061646d696e2e636f6d223b656d61696c7c733a31353a2261646d696e4061646d696e2e636f6d223b757365725f69647c733a313a2231223b6f6c645f6c6173745f6c6f67696e7c733a31303a2231353234343532353838223b6c6173745f636865636b7c693a313532343435383033373b),
('50842cutubc3bqv70b6qbr8c38314oba', '::1', 1526369635, 0x5f5f63695f6c6173745f726567656e65726174657c693a313532363336393633353b6c616e67416262726576696174696f6e7c733a323a227669223b6964656e746974797c733a31353a2261646d696e4061646d696e2e636f6d223b656d61696c7c733a31353a2261646d696e4061646d696e2e636f6d223b757365725f69647c733a313a2231223b6f6c645f6c6173745f6c6f67696e7c733a31303a2231353236323931363535223b6c6173745f636865636b7c693a313532363336393633353b),
('57hb48rpjfejhdlq1qv11preacui9n5n', '::1', 1524458035, 0x5f5f63695f6c6173745f726567656e65726174657c693a313532343435383033353b6c616e67416262726576696174696f6e7c733a323a227669223b),
('5brvrt3pcca2lsipc2mdevdu2k347j2g', '::1', 1524466643, 0x5f5f63695f6c6173745f726567656e65726174657c693a313532343436363634333b6c616e67416262726576696174696f6e7c733a323a227669223b6964656e746974797c733a31353a2261646d696e4061646d696e2e636f6d223b656d61696c7c733a31353a2261646d696e4061646d696e2e636f6d223b757365725f69647c733a313a2231223b6f6c645f6c6173745f6c6f67696e7c733a31303a2231353234343532353838223b6c6173745f636865636b7c693a313532343435383033373b6d6573736167655f737563636573737c733a33303a225468c3aa6d206de1bb9b69204d656e75207468c3a06e682063c3b46e6721223b5f5f63695f766172737c613a313a7b733a31353a226d6573736167655f73756363657373223b733a333a226f6c64223b7d),
('5eqaoev6105tknuthm5uvrsccnvg2hb1', '::1', 1524299181, 0x5f5f63695f6c6173745f726567656e65726174657c693a313532343239393138313b6964656e746974797c733a31353a2261646d696e4061646d696e2e636f6d223b656d61696c7c733a31353a2261646d696e4061646d696e2e636f6d223b757365725f69647c733a313a2231223b6f6c645f6c6173745f6c6f67696e7c733a31303a2231353234303430373434223b6c6173745f636865636b7c693a313532343239353834343b6c616e67416262726576696174696f6e7c733a323a22636e223b),
('614mhvv5qcjbu5mfq8dpaohn1uvob1se', '::1', 1524544235, 0x5f5f63695f6c6173745f726567656e65726174657c693a313532343534343233353b),
('6556fru979014t8nt9p04al5tg7su1l8', '::1', 1524297089, 0x5f5f63695f6c6173745f726567656e65726174657c693a313532343239373038393b6964656e746974797c733a31353a2261646d696e4061646d696e2e636f6d223b656d61696c7c733a31353a2261646d696e4061646d696e2e636f6d223b757365725f69647c733a313a2231223b6f6c645f6c6173745f6c6f67696e7c733a31303a2231353234303430373434223b6c6173745f636865636b7c693a313532343239353834343b),
('6ev6tpaj5j6ohaa12252kq5mnam8b4g8', '::1', 1524452589, 0x5f5f63695f6c6173745f726567656e65726174657c693a313532343435323538383b6c616e67416262726576696174696f6e7c733a323a227669223b6964656e746974797c733a31353a2261646d696e4061646d696e2e636f6d223b656d61696c7c733a31353a2261646d696e4061646d696e2e636f6d223b757365725f69647c733a313a2231223b6f6c645f6c6173745f6c6f67696e7c733a31303a2231353234323935383434223b6c6173745f636865636b7c693a313532343435323538383b),
('6h9kdu8fapkau3i6dmt1hiahagccr1il', '::1', 1524473679, 0x5f5f63695f6c6173745f726567656e65726174657c693a313532343437333637393b6c616e67416262726576696174696f6e7c733a323a227669223b6964656e746974797c733a31353a2261646d696e4061646d696e2e636f6d223b656d61696c7c733a31353a2261646d696e4061646d696e2e636f6d223b757365725f69647c733a313a2231223b6f6c645f6c6173745f6c6f67696e7c733a31303a2231353234343532353838223b6c6173745f636865636b7c693a313532343435383033373b),
('6jr3gncsv3ej1pmlb4dlrp4tg2fjanum', '::1', 1524469285, 0x5f5f63695f6c6173745f726567656e65726174657c693a313532343436393238353b6c616e67416262726576696174696f6e7c733a323a227669223b6964656e746974797c733a31353a2261646d696e4061646d696e2e636f6d223b656d61696c7c733a31353a2261646d696e4061646d696e2e636f6d223b757365725f69647c733a313a2231223b6f6c645f6c6173745f6c6f67696e7c733a31303a2231353234343532353838223b6c6173745f636865636b7c693a313532343435383033373b),
('6m9r21j85gh4uhc6qc1i5dpphiduepud', '::1', 1524466246, 0x5f5f63695f6c6173745f726567656e65726174657c693a313532343436363234363b6c616e67416262726576696174696f6e7c733a323a227669223b6964656e746974797c733a31353a2261646d696e4061646d696e2e636f6d223b656d61696c7c733a31353a2261646d696e4061646d696e2e636f6d223b757365725f69647c733a313a2231223b6f6c645f6c6173745f6c6f67696e7c733a31303a2231353234343532353838223b6c6173745f636865636b7c693a313532343435383033373b),
('6qups2uqgmnoicl16p8e8s1if5p71d8f', '::1', 1525333629, 0x5f5f63695f6c6173745f726567656e65726174657c693a313532353333333632363b6964656e746974797c733a31353a2261646d696e4061646d696e2e636f6d223b656d61696c7c733a31353a2261646d696e4061646d696e2e636f6d223b757365725f69647c733a313a2231223b6f6c645f6c6173745f6c6f67696e7c733a31303a2231353235333333353437223b6c6173745f636865636b7c693a313532353333333632363b),
('6rm895rlbr784iohn6pi87m34ruu3eud', '::1', 1524476021, 0x5f5f63695f6c6173745f726567656e65726174657c693a313532343437363032313b6c616e67416262726576696174696f6e7c733a323a227669223b6964656e746974797c733a31353a2261646d696e4061646d696e2e636f6d223b656d61696c7c733a31353a2261646d696e4061646d696e2e636f6d223b757365725f69647c733a313a2231223b6f6c645f6c6173745f6c6f67696e7c733a31303a2231353234343532353838223b6c6173745f636865636b7c693a313532343435383033373b),
('7oqlo4f91b66acuf0schjfm4oh9sfsra', '::1', 1525885945, 0x5f5f63695f6c6173745f726567656e65726174657c693a313532353838353932313b6964656e746974797c733a31353a2261646d696e4061646d696e2e636f6d223b656d61696c7c733a31353a2261646d696e4061646d696e2e636f6d223b757365725f69647c733a313a2231223b6f6c645f6c6173745f6c6f67696e7c733a31303a2231353235383534333530223b6c6173745f636865636b7c693a313532353838353932313b),
('7v82231b1gbdeu70psv5fba06ud22do0', '::1', 1525938685, 0x5f5f63695f6c6173745f726567656e65726174657c693a313532353933383638353b6964656e746974797c733a31353a2261646d696e4061646d696e2e636f6d223b656d61696c7c733a31353a2261646d696e4061646d696e2e636f6d223b757365725f69647c733a313a2231223b6f6c645f6c6173745f6c6f67696e7c733a31303a2231353235393235383533223b6c6173745f636865636b7c693a313532353933383638353b),
('824rgo82cfkfbc089vt1squg0rkhjapv', '::1', 1525885921, 0x5f5f63695f6c6173745f726567656e65726174657c693a313532353838353932313b6964656e746974797c733a31353a2261646d696e4061646d696e2e636f6d223b656d61696c7c733a31353a2261646d696e4061646d696e2e636f6d223b757365725f69647c733a313a2231223b6f6c645f6c6173745f6c6f67696e7c733a31303a2231353235383534333530223b6c6173745f636865636b7c693a313532353838353932313b),
('88upfbtgjq7vje2lho3lp46toq3sd36h', '::1', 1531108233, 0x5f5f63695f6c6173745f726567656e65726174657c693a313533313130383233333b6c616e67416262726576696174696f6e7c733a323a227669223b6964656e746974797c733a31353a2261646d696e4061646d696e2e636f6d223b656d61696c7c733a31353a2261646d696e4061646d696e2e636f6d223b757365725f69647c733a313a2231223b6f6c645f6c6173745f6c6f67696e7c733a31303a2231353239393838303837223b6c6173745f636865636b7c693a313533313130343833313b),
('8j833dmlft1c5kqklpmpeov6k4r80mjg', '::1', 1531106666, 0x5f5f63695f6c6173745f726567656e65726174657c693a313533313130363636363b6c616e67416262726576696174696f6e7c733a323a227669223b6964656e746974797c733a31353a2261646d696e4061646d696e2e636f6d223b656d61696c7c733a31353a2261646d696e4061646d696e2e636f6d223b757365725f69647c733a313a2231223b6f6c645f6c6173745f6c6f67696e7c733a31303a2231353239393838303837223b6c6173745f636865636b7c693a313533313130343833313b),
('8kekf37e42gnqfe6hlnc01onmvcj9kkh', '::1', 1531107884, 0x5f5f63695f6c6173745f726567656e65726174657c693a313533313130373838343b6c616e67416262726576696174696f6e7c733a323a227669223b6964656e746974797c733a31353a2261646d696e4061646d696e2e636f6d223b656d61696c7c733a31353a2261646d696e4061646d696e2e636f6d223b757365725f69647c733a313a2231223b6f6c645f6c6173745f6c6f67696e7c733a31303a2231353239393838303837223b6c6173745f636865636b7c693a313533313130343833313b),
('8l890jmvlidvla1fmqpo7g2aupqp2ok3', '::1', 1526446405, 0x5f5f63695f6c6173745f726567656e65726174657c693a313532363434363339323b6c616e67416262726576696174696f6e7c733a323a227669223b6964656e746974797c733a31353a2261646d696e4061646d696e2e636f6d223b656d61696c7c733a31353a2261646d696e4061646d696e2e636f6d223b757365725f69647c733a313a2231223b6f6c645f6c6173745f6c6f67696e7c733a31303a2231353236343430383532223b6c6173745f636865636b7c693a313532363434363339323b),
('8laljpjro7dou1auj7lnuirtuaar0ish', '::1', 1531106295, 0x5f5f63695f6c6173745f726567656e65726174657c693a313533313130363239353b6c616e67416262726576696174696f6e7c733a323a227669223b6964656e746974797c733a31353a2261646d696e4061646d696e2e636f6d223b656d61696c7c733a31353a2261646d696e4061646d696e2e636f6d223b757365725f69647c733a313a2231223b6f6c645f6c6173745f6c6f67696e7c733a31303a2231353239393838303837223b6c6173745f636865636b7c693a313533313130343833313b),
('8oq2rcd96lsrul2jg3e38mcohs8hpinv', '::1', 1526979447, 0x5f5f63695f6c6173745f726567656e65726174657c693a313532363937393434373b6964656e746974797c733a31353a2261646d696e4061646d696e2e636f6d223b656d61696c7c733a31353a2261646d696e4061646d696e2e636f6d223b757365725f69647c733a313a2231223b6f6c645f6c6173745f6c6f67696e7c733a31303a2231353236393539373434223b6c6173745f636865636b7c693a313532363937393434373b),
('8r6im8odsn6ddvh4v3cjd5jm6o2kcus3', '::1', 1524459268, 0x5f5f63695f6c6173745f726567656e65726174657c693a313532343435393236383b6c616e67416262726576696174696f6e7c733a323a227669223b6964656e746974797c733a31353a2261646d696e4061646d696e2e636f6d223b656d61696c7c733a31353a2261646d696e4061646d696e2e636f6d223b757365725f69647c733a313a2231223b6f6c645f6c6173745f6c6f67696e7c733a31303a2231353234343532353838223b6c6173745f636865636b7c693a313532343435383033373b),
('8rcqji5pn43u4i36ig18bsh8kf71bkf7', '::1', 1528740918, 0x5f5f63695f6c6173745f726567656e65726174657c693a313532383734303931323b6964656e746974797c733a31353a2261646d696e4061646d696e2e636f6d223b656d61696c7c733a31353a2261646d696e4061646d696e2e636f6d223b757365725f69647c733a313a2231223b6f6c645f6c6173745f6c6f67696e7c733a31303a2231353237353831333834223b6c6173745f636865636b7c693a313532383733393636363b),
('978831jdnmnineaeaqnmb2lro0h59l8a', '::1', 1526444125, 0x5f5f63695f6c6173745f726567656e65726174657c693a313532363434343132353b6964656e746974797c733a31353a2261646d696e4061646d696e2e636f6d223b656d61696c7c733a31353a2261646d696e4061646d696e2e636f6d223b757365725f69647c733a313a2231223b6f6c645f6c6173745f6c6f67696e7c733a31303a2231353236343430353338223b6c6173745f636865636b7c693a313532363434303835323b),
('9asq0qh9sdbqdjisv6nmgtgkpvbdg5hq', '::1', 1524541310, 0x5f5f63695f6c6173745f726567656e65726174657c693a313532343534313331303b6964656e746974797c733a31353a2261646d696e4061646d696e2e636f6d223b656d61696c7c733a31353a2261646d696e4061646d696e2e636f6d223b757365725f69647c733a313a2231223b6f6c645f6c6173745f6c6f67696e7c733a31303a2231353234343538303337223b6c6173745f636865636b7c693a313532343533383837363b6c616e67416262726576696174696f6e7c733a323a227669223b),
('9fbjgq05giht8v5ks0e21o3hiljt70cq', '::1', 1526963230, 0x5f5f63695f6c6173745f726567656e65726174657c693a313532363936333232333b6964656e746974797c733a31353a2261646d696e4061646d696e2e636f6d223b656d61696c7c733a31353a2261646d696e4061646d696e2e636f6d223b757365725f69647c733a313a2231223b6f6c645f6c6173745f6c6f67696e7c733a31303a2231353236383837393436223b6c6173745f636865636b7c693a313532363935393734343b),
('9gea6kdr1e6qpisf11kijs5o73o2vg0j', '::1', 1528968639, 0x5f5f63695f6c6173745f726567656e65726174657c693a313532383936383632343b6964656e746974797c733a31353a2261646d696e4061646d696e2e636f6d223b656d61696c7c733a31353a2261646d696e4061646d696e2e636f6d223b757365725f69647c733a313a2231223b6f6c645f6c6173745f6c6f67696e7c733a31303a2231353238383132353537223b6c6173745f636865636b7c693a313532383936383632343b),
('9irphc6jidpqgh448t37pmi3gjbatnqq', '::1', 1531107501, 0x5f5f63695f6c6173745f726567656e65726174657c693a313533313130373530313b6c616e67416262726576696174696f6e7c733a323a227669223b6964656e746974797c733a31353a2261646d696e4061646d696e2e636f6d223b656d61696c7c733a31353a2261646d696e4061646d696e2e636f6d223b757365725f69647c733a313a2231223b6f6c645f6c6173745f6c6f67696e7c733a31303a2231353239393838303837223b6c6173745f636865636b7c693a313533313130343833313b),
('9jki4rol4atnscmr0aca71s5u4gagja0', '::1', 1524475422, 0x5f5f63695f6c6173745f726567656e65726174657c693a313532343437353432323b6c616e67416262726576696174696f6e7c733a323a227669223b6964656e746974797c733a31353a2261646d696e4061646d696e2e636f6d223b656d61696c7c733a31353a2261646d696e4061646d696e2e636f6d223b757365725f69647c733a313a2231223b6f6c645f6c6173745f6c6f67696e7c733a31303a2231353234343532353838223b6c6173745f636865636b7c693a313532343435383033373b),
('afajt0v924vjq1mkf78lfvm8qhmvd9dd', '::1', 1528813445, ''),
('as6ckt4i4bt0gsfeseag00mc8t4ustqd', '::1', 1525333541, 0x5f5f63695f6c6173745f726567656e65726174657c693a313532353333333534313b6964656e746974797c733a31353a2261646d696e4061646d696e2e636f6d223b656d61696c7c733a31353a2261646d696e4061646d696e2e636f6d223b757365725f69647c733a313a2231223b6f6c645f6c6173745f6c6f67696e7c733a31303a2231353234373336373130223b6c6173745f636865636b7c693a313532353333333534313b),
('b3hqqe7hio4totgohgb62rj7k4ipje4u', '::1', 1526369635, 0x5f5f63695f6c6173745f726567656e65726174657c693a313532363336393633353b6c616e67416262726576696174696f6e7c733a323a227669223b6964656e746974797c733a31353a2261646d696e4061646d696e2e636f6d223b656d61696c7c733a31353a2261646d696e4061646d696e2e636f6d223b757365725f69647c733a313a2231223b6f6c645f6c6173745f6c6f67696e7c733a31303a2231353236323931363535223b6c6173745f636865636b7c693a313532363336393633353b),
('bhevvhsubjelan51973kjdv41nkkk6df', '::1', 1524465944, 0x5f5f63695f6c6173745f726567656e65726174657c693a313532343436353934343b6c616e67416262726576696174696f6e7c733a323a227669223b6964656e746974797c733a31353a2261646d696e4061646d696e2e636f6d223b656d61696c7c733a31353a2261646d696e4061646d696e2e636f6d223b757365725f69647c733a313a2231223b6f6c645f6c6173745f6c6f67696e7c733a31303a2231353234343532353838223b6c6173745f636865636b7c693a313532343435383033373b6d6573736167655f737563636573737c733a33303a225468c3aa6d206de1bb9b69204d656e75207468c3a06e682063c3b46e6721223b5f5f63695f766172737c613a313a7b733a31353a226d6573736167655f73756363657373223b733a333a226f6c64223b7d),
('bqobh53deucnneut97rtqkgm7eh8g6ha', '::1', 1525333547, 0x5f5f63695f6c6173745f726567656e65726174657c693a313532353333333534373b6964656e746974797c733a31353a2261646d696e4061646d696e2e636f6d223b656d61696c7c733a31353a2261646d696e4061646d696e2e636f6d223b757365725f69647c733a313a2231223b6f6c645f6c6173745f6c6f67696e7c733a31303a2231353235333333353431223b6c6173745f636865636b7c693a313532353333333534373b),
('btiuuovbo6oogqtv8pjfs2pfeps4oppo', '::1', 1524300245, 0x5f5f63695f6c6173745f726567656e65726174657c693a313532343330303133303b6964656e746974797c733a31353a2261646d696e4061646d696e2e636f6d223b656d61696c7c733a31353a2261646d696e4061646d696e2e636f6d223b757365725f69647c733a313a2231223b6f6c645f6c6173745f6c6f67696e7c733a31303a2231353234303430373434223b6c6173745f636865636b7c693a313532343239353834343b6c616e67416262726576696174696f6e7c733a323a22656e223b),
('c1tfp8hbr02k6mnu23r7o218e18uteg1', '::1', 1524473058, 0x5f5f63695f6c6173745f726567656e65726174657c693a313532343437333035383b6c616e67416262726576696174696f6e7c733a323a227669223b6964656e746974797c733a31353a2261646d696e4061646d696e2e636f6d223b656d61696c7c733a31353a2261646d696e4061646d696e2e636f6d223b757365725f69647c733a313a2231223b6f6c645f6c6173745f6c6f67696e7c733a31303a2231353234343532353838223b6c6173745f636865636b7c693a313532343435383033373b),
('c3c5e6brs351dj1cq3ckt52pocq76b6c', '::1', 1524538876, 0x5f5f63695f6c6173745f726567656e65726174657c693a313532343533383837363b6964656e746974797c733a31353a2261646d696e4061646d696e2e636f6d223b656d61696c7c733a31353a2261646d696e4061646d696e2e636f6d223b757365725f69647c733a313a2231223b6f6c645f6c6173745f6c6f67696e7c733a31303a2231353234343538303337223b6c6173745f636865636b7c693a313532343533383837363b),
('cfjbsnfsbuujuf5o69l18jk12ll4295h', '::1', 1524540333, 0x5f5f63695f6c6173745f726567656e65726174657c693a313532343534303333333b6964656e746974797c733a31353a2261646d696e4061646d696e2e636f6d223b656d61696c7c733a31353a2261646d696e4061646d696e2e636f6d223b757365725f69647c733a313a2231223b6f6c645f6c6173745f6c6f67696e7c733a31303a2231353234343538303337223b6c6173745f636865636b7c693a313532343533383837363b6c616e67416262726576696174696f6e7c733a323a227669223b6d6573736167655f737563636573737c733a32353a225468c3aa6d206de1bb9b69207468c3a06e682063c3b46e6721223b5f5f63695f766172737c613a313a7b733a31353a226d6573736167655f73756363657373223b733a333a226f6c64223b7d),
('cpgh1a27hjmrge7ee9444u636prhi1jh', '::1', 1524458386, 0x5f5f63695f6c6173745f726567656e65726174657c693a313532343435383338363b6c616e67416262726576696174696f6e7c733a323a227669223b6964656e746974797c733a31353a2261646d696e4061646d696e2e636f6d223b656d61696c7c733a31353a2261646d696e4061646d696e2e636f6d223b757365725f69647c733a313a2231223b6f6c645f6c6173745f6c6f67696e7c733a31303a2231353234343532353838223b6c6173745f636865636b7c693a313532343435383033373b),
('d3qjtm0j7kku63faljvofc8f9kq491fn', '::1', 1524539714, 0x5f5f63695f6c6173745f726567656e65726174657c693a313532343533393731343b6964656e746974797c733a31353a2261646d696e4061646d696e2e636f6d223b656d61696c7c733a31353a2261646d696e4061646d696e2e636f6d223b757365725f69647c733a313a2231223b6f6c645f6c6173745f6c6f67696e7c733a31303a2231353234343538303337223b6c6173745f636865636b7c693a313532343533383837363b6c616e67416262726576696174696f6e7c733a323a227669223b),
('djre6iscribn6hpg4svrvba4uu78anls', '::1', 1524295844, 0x5f5f63695f6c6173745f726567656e65726174657c693a313532343239353834343b6964656e746974797c733a31353a2261646d696e4061646d696e2e636f6d223b656d61696c7c733a31353a2261646d696e4061646d696e2e636f6d223b757365725f69647c733a313a2231223b6f6c645f6c6173745f6c6f67696e7c733a31303a2231353234303430373434223b6c6173745f636865636b7c693a313532343239353834343b),
('dkqkldepg2be5hg4a6g4glbg0tdkr78u', '::1', 1528740912, 0x5f5f63695f6c6173745f726567656e65726174657c693a313532383734303931323b6964656e746974797c733a31353a2261646d696e4061646d696e2e636f6d223b656d61696c7c733a31353a2261646d696e4061646d696e2e636f6d223b757365725f69647c733a313a2231223b6f6c645f6c6173745f6c6f67696e7c733a31303a2231353237353831333834223b6c6173745f636865636b7c693a313532383733393636363b),
('e1vrleogdn2ubm7fti3877mpj7jjrill', '::1', 1525837946, 0x5f5f63695f6c6173745f726567656e65726174657c693a313532353833373934363b6964656e746974797c733a31353a2261646d696e4061646d696e2e636f6d223b656d61696c7c733a31353a2261646d696e4061646d696e2e636f6d223b757365725f69647c733a313a2231223b6f6c645f6c6173745f6c6f67696e7c733a31303a2231353235383336333736223b6c6173745f636865636b7c693a313532353833373934363b),
('etus02ofjmr4e1b1hkev3i822rd2kc8k', '::1', 1524457298, 0x5f5f63695f6c6173745f726567656e65726174657c693a313532343435373239383b6c616e67416262726576696174696f6e7c733a323a227669223b),
('f9m9f9hh8nu6hnl7c278uim9o7il5122', '::1', 1526291716, 0x5f5f63695f6c6173745f726567656e65726174657c693a313532363239313635353b6c616e67416262726576696174696f6e7c733a323a227669223b6964656e746974797c733a31353a2261646d696e4061646d696e2e636f6d223b656d61696c7c733a31353a2261646d696e4061646d696e2e636f6d223b757365725f69647c733a313a2231223b6f6c645f6c6173745f6c6f67696e7c733a31303a2231353235393338363835223b6c6173745f636865636b7c693a313532363239313635353b),
('faqvujirnttavk8ietktug6j94up2mss', '::1', 1531107056, 0x5f5f63695f6c6173745f726567656e65726174657c693a313533313130373035363b6c616e67416262726576696174696f6e7c733a323a227669223b6964656e746974797c733a31353a2261646d696e4061646d696e2e636f6d223b656d61696c7c733a31353a2261646d696e4061646d696e2e636f6d223b757365725f69647c733a313a2231223b6f6c645f6c6173745f6c6f67696e7c733a31303a2231353239393838303837223b6c6173745f636865636b7c693a313533313130343833313b),
('fca3b04o4g00rtrkj21mmcr63dqnufqr', '::1', 1527581384, 0x5f5f63695f6c6173745f726567656e65726174657c693a313532373538313338343b6964656e746974797c733a31353a2261646d696e4061646d696e2e636f6d223b656d61696c7c733a31353a2261646d696e4061646d696e2e636f6d223b757365725f69647c733a313a2231223b6f6c645f6c6173745f6c6f67696e7c733a31303a2231353236393739343437223b6c6173745f636865636b7c693a313532373538313338343b),
('fhvapmd7ke1uh7r768fu4nuvecmqb688', '::1', 1531110029, 0x5f5f63695f6c6173745f726567656e65726174657c693a313533313131303032393b6c616e67416262726576696174696f6e7c733a323a227669223b6964656e746974797c733a31353a2261646d696e4061646d696e2e636f6d223b656d61696c7c733a31353a2261646d696e4061646d696e2e636f6d223b757365725f69647c733a313a2231223b6f6c645f6c6173745f6c6f67696e7c733a31303a2231353239393838303837223b6c6173745f636865636b7c693a313533313130343833313b),
('fi900cbpvb5mbf02h57hjaed9tckudlq', '::1', 1526444126, 0x5f5f63695f6c6173745f726567656e65726174657c693a313532363434343132353b6964656e746974797c733a31353a2261646d696e4061646d696e2e636f6d223b656d61696c7c733a31353a2261646d696e4061646d696e2e636f6d223b757365725f69647c733a313a2231223b6f6c645f6c6173745f6c6f67696e7c733a31303a2231353236343430353338223b6c6173745f636865636b7c693a313532363434303835323b),
('g2bn8olg3s62nof9775phtrnrtncq3qq', '::1', 1524468982, 0x5f5f63695f6c6173745f726567656e65726174657c693a313532343436383938323b6c616e67416262726576696174696f6e7c733a323a227669223b6964656e746974797c733a31353a2261646d696e4061646d696e2e636f6d223b656d61696c7c733a31353a2261646d696e4061646d696e2e636f6d223b757365725f69647c733a313a2231223b6f6c645f6c6173745f6c6f67696e7c733a31303a2231353234343532353838223b6c6173745f636865636b7c693a313532343435383033373b),
('gg35sbisq87kkqilkp2e0hv2u3ugktmo', '::1', 1525925859, 0x5f5f63695f6c6173745f726567656e65726174657c693a313532353932353835343b6964656e746974797c733a31353a2261646d696e4061646d696e2e636f6d223b656d61696c7c733a31353a2261646d696e4061646d696e2e636f6d223b757365725f69647c733a313a2231223b6f6c645f6c6173745f6c6f67696e7c733a31303a2231353235383835393231223b6c6173745f636865636b7c693a313532353932353835333b),
('go0tvqfbf1bd0lc4dgjva7gasdt14dha', '::1', 1524463444, 0x5f5f63695f6c6173745f726567656e65726174657c693a313532343436333434343b6c616e67416262726576696174696f6e7c733a323a227669223b6964656e746974797c733a31353a2261646d696e4061646d696e2e636f6d223b656d61696c7c733a31353a2261646d696e4061646d696e2e636f6d223b757365725f69647c733a313a2231223b6f6c645f6c6173745f6c6f67696e7c733a31303a2231353234343532353838223b6c6173745f636865636b7c693a313532343435383033373b6d6573736167655f737563636573737c733a33303a225468c3aa6d206de1bb9b69204d656e75207468c3a06e682063c3b46e6721223b5f5f63695f766172737c613a313a7b733a31353a226d6573736167655f73756363657373223b733a333a226e6577223b7d),
('guc88j75nknmcpd7j0tq5kd9huugvlkt', '::1', 1524469667, 0x5f5f63695f6c6173745f726567656e65726174657c693a313532343436393636373b6c616e67416262726576696174696f6e7c733a323a227669223b6964656e746974797c733a31353a2261646d696e4061646d696e2e636f6d223b656d61696c7c733a31353a2261646d696e4061646d696e2e636f6d223b757365725f69647c733a313a2231223b6f6c645f6c6173745f6c6f67696e7c733a31303a2231353234343532353838223b6c6173745f636865636b7c693a313532343435383033373b),
('h5ssl5jfhdshml87pe0gbdvmiti5isu1', '::1', 1525690567, 0x5f5f63695f6c6173745f726567656e65726174657c693a313532353639303536313b6c616e67416262726576696174696f6e7c733a323a227669223b),
('h8m09tkcf5q9qabfkbbcvb508lmvcl7d', '::1', 1527581400, 0x5f5f63695f6c6173745f726567656e65726174657c693a313532373538313338343b6964656e746974797c733a31353a2261646d696e4061646d696e2e636f6d223b656d61696c7c733a31353a2261646d696e4061646d696e2e636f6d223b757365725f69647c733a313a2231223b6f6c645f6c6173745f6c6f67696e7c733a31303a2231353236393739343437223b6c6173745f636865636b7c693a313532373538313338343b),
('hhp184qd80gh90olbmk39l3vgur4v94p', '::1', 1524459927, 0x5f5f63695f6c6173745f726567656e65726174657c693a313532343435393932373b6c616e67416262726576696174696f6e7c733a323a227669223b6964656e746974797c733a31353a2261646d696e4061646d696e2e636f6d223b656d61696c7c733a31353a2261646d696e4061646d696e2e636f6d223b757365725f69647c733a313a2231223b6f6c645f6c6173745f6c6f67696e7c733a31303a2231353234343532353838223b6c6173745f636865636b7c693a313532343435383033373b),
('hinu4rrq6opgarmsqudkm5rbgbhlns42', '::1', 1524467509, 0x5f5f63695f6c6173745f726567656e65726174657c693a313532343436373530393b6c616e67416262726576696174696f6e7c733a323a227669223b6964656e746974797c733a31353a2261646d696e4061646d696e2e636f6d223b656d61696c7c733a31353a2261646d696e4061646d696e2e636f6d223b757365725f69647c733a313a2231223b6f6c645f6c6173745f6c6f67696e7c733a31303a2231353234343532353838223b6c6173745f636865636b7c693a313532343435383033373b),
('hs9jv88hg87e6qk8cdftcn88url2gn7u', '::1', 1531110692, 0x5f5f63695f6c6173745f726567656e65726174657c693a313533313131303639323b6c616e67416262726576696174696f6e7c733a323a227669223b6964656e746974797c733a31353a2261646d696e4061646d696e2e636f6d223b656d61696c7c733a31353a2261646d696e4061646d696e2e636f6d223b757365725f69647c733a313a2231223b6f6c645f6c6173745f6c6f67696e7c733a31303a2231353239393838303837223b6c6173745f636865636b7c693a313533313130343833313b),
('htbgm3uu7bvdpctsggcbnfr89p4dl87g', '::1', 1524736710, 0x5f5f63695f6c6173745f726567656e65726174657c693a313532343733363731303b6964656e746974797c733a31353a2261646d696e4061646d696e2e636f6d223b656d61696c7c733a31353a2261646d696e4061646d696e2e636f6d223b757365725f69647c733a313a2231223b6f6c645f6c6173745f6c6f67696e7c733a31303a2231353234353338383736223b6c6173745f636865636b7c693a313532343733363731303b),
('i4bngsd4u8opaffqtfknmd0bvovs0iha', '::1', 1524465634, 0x5f5f63695f6c6173745f726567656e65726174657c693a313532343436353633343b6c616e67416262726576696174696f6e7c733a323a227669223b6964656e746974797c733a31353a2261646d696e4061646d696e2e636f6d223b656d61696c7c733a31353a2261646d696e4061646d696e2e636f6d223b757365725f69647c733a313a2231223b6f6c645f6c6173745f6c6f67696e7c733a31303a2231353234343532353838223b6c6173745f636865636b7c693a313532343435383033373b6d6573736167655f737563636573737c733a33303a225468c3aa6d206de1bb9b69204d656e75207468c3a06e682063c3b46e6721223b5f5f63695f766172737c613a313a7b733a31353a226d6573736167655f73756363657373223b733a333a226f6c64223b7d),
('i8ccdq1ocooru6mn0u7l5t92eov6ar4c', '::1', 1524472737, 0x5f5f63695f6c6173745f726567656e65726174657c693a313532343437323733373b6c616e67416262726576696174696f6e7c733a323a227669223b6964656e746974797c733a31353a2261646d696e4061646d696e2e636f6d223b656d61696c7c733a31353a2261646d696e4061646d696e2e636f6d223b757365725f69647c733a313a2231223b6f6c645f6c6173745f6c6f67696e7c733a31303a2231353234343532353838223b6c6173745f636865636b7c693a313532343435383033373b),
('idcs56oosb4cao20m2t2mqv1lun4kji8', '::1', 1525938707, 0x5f5f63695f6c6173745f726567656e65726174657c693a313532353933383638353b6964656e746974797c733a31353a2261646d696e4061646d696e2e636f6d223b656d61696c7c733a31353a2261646d696e4061646d696e2e636f6d223b757365725f69647c733a313a2231223b6f6c645f6c6173745f6c6f67696e7c733a31303a2231353235393235383533223b6c6173745f636865636b7c693a313532353933383638353b),
('ijvf8iobcnt98k0u3iiov165qn805rkb', '::1', 1524467186, 0x5f5f63695f6c6173745f726567656e65726174657c693a313532343436373138363b6c616e67416262726576696174696f6e7c733a323a227669223b6964656e746974797c733a31353a2261646d696e4061646d696e2e636f6d223b656d61696c7c733a31353a2261646d696e4061646d696e2e636f6d223b757365725f69647c733a313a2231223b6f6c645f6c6173745f6c6f67696e7c733a31303a2231353234343532353838223b6c6173745f636865636b7c693a313532343435383033373b6d6573736167655f737563636573737c733a33303a225468c3aa6d206de1bb9b69204d656e75207468c3a06e682063c3b46e6721223b5f5f63695f766172737c613a313a7b733a31353a226d6573736167655f73756363657373223b733a333a226f6c64223b7d),
('j5umbqsqdi35u02j4ohumvq74d0m0mn9', '::1', 1524459604, 0x5f5f63695f6c6173745f726567656e65726174657c693a313532343435393630343b6c616e67416262726576696174696f6e7c733a323a227669223b6964656e746974797c733a31353a2261646d696e4061646d696e2e636f6d223b656d61696c7c733a31353a2261646d696e4061646d696e2e636f6d223b757365725f69647c733a313a2231223b6f6c645f6c6173745f6c6f67696e7c733a31303a2231353234343532353838223b6c6173745f636865636b7c693a313532343435383033373b),
('j9lfob8rlug0kfc6gs5u9ae2hasbp74l', '::1', 1524468670, 0x5f5f63695f6c6173745f726567656e65726174657c693a313532343436383637303b6c616e67416262726576696174696f6e7c733a323a227669223b6964656e746974797c733a31353a2261646d696e4061646d696e2e636f6d223b656d61696c7c733a31353a2261646d696e4061646d696e2e636f6d223b757365725f69647c733a313a2231223b6f6c645f6c6173745f6c6f67696e7c733a31303a2231353234343532353838223b6c6173745f636865636b7c693a313532343435383033373b),
('jeekvoqn9bhnkvujc0tia9smhov4rnrv', '::1', 1524296165, 0x5f5f63695f6c6173745f726567656e65726174657c693a313532343239363136353b6964656e746974797c733a31353a2261646d696e4061646d696e2e636f6d223b656d61696c7c733a31353a2261646d696e4061646d696e2e636f6d223b757365725f69647c733a313a2231223b6f6c645f6c6173745f6c6f67696e7c733a31303a2231353234303430373434223b6c6173745f636865636b7c693a313532343239353834343b),
('jin4ntqfi87epkbi6k9pfepueu3200ra', '::1', 1524469973, 0x5f5f63695f6c6173745f726567656e65726174657c693a313532343436393937333b6c616e67416262726576696174696f6e7c733a323a227669223b6964656e746974797c733a31353a2261646d696e4061646d696e2e636f6d223b656d61696c7c733a31353a2261646d696e4061646d696e2e636f6d223b757365725f69647c733a313a2231223b6f6c645f6c6173745f6c6f67696e7c733a31303a2231353234343532353838223b6c6173745f636865636b7c693a313532343435383033373b),
('kc90ljsrq8dla9crhne13acdu1aijo3o', '::1', 1526291655, 0x5f5f63695f6c6173745f726567656e65726174657c693a313532363239313635353b6c616e67416262726576696174696f6e7c733a323a227669223b6964656e746974797c733a31353a2261646d696e4061646d696e2e636f6d223b656d61696c7c733a31353a2261646d696e4061646d696e2e636f6d223b757365725f69647c733a313a2231223b6f6c645f6c6173745f6c6f67696e7c733a31303a2231353235393338363835223b6c6173745f636865636b7c693a313532363239313635353b),
('kk7evvhhlv7k41jtfdtl7flcltub1i8l', '::1', 1525925854, 0x5f5f63695f6c6173745f726567656e65726174657c693a313532353932353835343b6964656e746974797c733a31353a2261646d696e4061646d696e2e636f6d223b656d61696c7c733a31353a2261646d696e4061646d696e2e636f6d223b757365725f69647c733a313a2231223b6f6c645f6c6173745f6c6f67696e7c733a31303a2231353235383835393231223b6c6173745f636865636b7c693a313532353932353835333b),
('l3lnsviebg8iruq0s001q5rkq0ov4hho', '::1', 1529293639, 0x5f5f63695f6c6173745f726567656e65726174657c693a313532393239333633393b6964656e746974797c733a31353a2261646d696e4061646d696e2e636f6d223b656d61696c7c733a31353a2261646d696e4061646d696e2e636f6d223b757365725f69647c733a313a2231223b6f6c645f6c6173745f6c6f67696e7c733a31303a2231353238393638363234223b6c6173745f636865636b7c693a313532393239333633393b),
('l8btgf94jg7q9vog4eklvpk3n1ukc4ql', '::1', 1531108857, 0x5f5f63695f6c6173745f726567656e65726174657c693a313533313130383835373b6c616e67416262726576696174696f6e7c733a323a227669223b6964656e746974797c733a31353a2261646d696e4061646d696e2e636f6d223b656d61696c7c733a31353a2261646d696e4061646d696e2e636f6d223b757365725f69647c733a313a2231223b6f6c645f6c6173745f6c6f67696e7c733a31303a2231353239393838303837223b6c6173745f636865636b7c693a313533313130343833313b),
('lqe9dkf6hoeggpd7907sht7klp8hscja', '::1', 1524298155, 0x5f5f63695f6c6173745f726567656e65726174657c693a313532343239383135353b6964656e746974797c733a31353a2261646d696e4061646d696e2e636f6d223b656d61696c7c733a31353a2261646d696e4061646d696e2e636f6d223b757365725f69647c733a313a2231223b6f6c645f6c6173745f6c6f67696e7c733a31303a2231353234303430373434223b6c6173745f636865636b7c693a313532343239353834343b6c616e67416262726576696174696f6e7c733a323a227669223b),
('lqvmaj1uaqqqfe16ojgv3lmostr27ouk', '::1', 1524812611, 0x5f5f63695f6c6173745f726567656e65726174657c693a313532343831323631303b),
('m2j74e82q99sh3lc581gtpde21kbct2n', '::1', 1531111862, 0x5f5f63695f6c6173745f726567656e65726174657c693a313533313131313836323b6c616e67416262726576696174696f6e7c733a323a22656e223b6964656e746974797c733a31353a2261646d696e4061646d696e2e636f6d223b656d61696c7c733a31353a2261646d696e4061646d696e2e636f6d223b757365725f69647c733a313a2231223b6f6c645f6c6173745f6c6f67696e7c733a31303a2231353239393838303837223b6c6173745f636865636b7c693a313533313130343833313b),
('m69j8ag32tvqpk6it27hjch8lrks80ga', '::1', 1531108534, 0x5f5f63695f6c6173745f726567656e65726174657c693a313533313130383533343b6c616e67416262726576696174696f6e7c733a323a227669223b6964656e746974797c733a31353a2261646d696e4061646d696e2e636f6d223b656d61696c7c733a31353a2261646d696e4061646d696e2e636f6d223b757365725f69647c733a313a2231223b6f6c645f6c6173745f6c6f67696e7c733a31303a2231353239393838303837223b6c6173745f636865636b7c693a313533313130343833313b6d6573736167655f737563636573737c733a32353a225468c3aa6d206de1bb9b69207468c3a06e682063c3b46e6721223b5f5f63695f766172737c613a313a7b733a31353a226d6573736167655f73756363657373223b733a333a226e6577223b7d),
('m99qn0h5h08bgmkoo6frdlkt5u74c1st', '::1', 1525854350, 0x5f5f63695f6c6173745f726567656e65726174657c693a313532353835343335303b6964656e746974797c733a31353a2261646d696e4061646d696e2e636f6d223b656d61696c7c733a31353a2261646d696e4061646d696e2e636f6d223b757365725f69647c733a313a2231223b6f6c645f6c6173745f6c6f67696e7c733a31303a2231353235383337393436223b6c6173745f636865636b7c693a313532353835343335303b),
('nc3ufo5svofpjmvio4ssh14unkmlfu7b', '::1', 1525333626, 0x5f5f63695f6c6173745f726567656e65726174657c693a313532353333333632363b6964656e746974797c733a31353a2261646d696e4061646d696e2e636f6d223b656d61696c7c733a31353a2261646d696e4061646d696e2e636f6d223b757365725f69647c733a313a2231223b6f6c645f6c6173745f6c6f67696e7c733a31303a2231353235333333353437223b6c6173745f636865636b7c693a313532353333333632363b),
('neaot0juh24lqoanuvha8kcscks3f4li', '::1', 1528813201, ''),
('ng9qsfeurniv7233lhho8ikr0lgarc1u', '::1', 1524299494, 0x5f5f63695f6c6173745f726567656e65726174657c693a313532343239393439343b6964656e746974797c733a31353a2261646d696e4061646d696e2e636f6d223b656d61696c7c733a31353a2261646d696e4061646d696e2e636f6d223b757365725f69647c733a313a2231223b6f6c645f6c6173745f6c6f67696e7c733a31303a2231353234303430373434223b6c6173745f636865636b7c693a313532343239353834343b6c616e67416262726576696174696f6e7c733a323a22636e223b),
('ni41oj8ffotnirlt4nk46v0koev6ahog', '::1', 1526542100, 0x5f5f63695f6c6173745f726567656e65726174657c693a313532363534313936373b6964656e746974797c733a31353a2261646d696e4061646d696e2e636f6d223b656d61696c7c733a31353a2261646d696e4061646d696e2e636f6d223b757365725f69647c733a313a2231223b6f6c645f6c6173745f6c6f67696e7c733a31303a2231353236343436333932223b6c6173745f636865636b7c693a313532363534313936373b),
('nivvo5nn2lnpi9jaii98jv084ol862s0', '::1', 1524458037, 0x5f5f63695f6c6173745f726567656e65726174657c693a313532343435383033373b6c616e67416262726576696174696f6e7c733a323a227669223b6964656e746974797c733a31353a2261646d696e4061646d696e2e636f6d223b656d61696c7c733a31353a2261646d696e4061646d696e2e636f6d223b757365725f69647c733a313a2231223b6f6c645f6c6173745f6c6f67696e7c733a31303a2231353234343532353838223b6c6173745f636865636b7c693a313532343435383033373b),
('nv59sgohu059ah3ikuj2cs0c2vbfvar1', '::1', 1524297513, 0x5f5f63695f6c6173745f726567656e65726174657c693a313532343239373531333b6964656e746974797c733a31353a2261646d696e4061646d696e2e636f6d223b656d61696c7c733a31353a2261646d696e4061646d696e2e636f6d223b757365725f69647c733a313a2231223b6f6c645f6c6173745f6c6f67696e7c733a31303a2231353234303430373434223b6c6173745f636865636b7c693a313532343239353834343b6d6573736167655f737563636573737c733a32363a2243e1baad70206e68e1baad74207468c3a06e682063c3b46e6721223b5f5f63695f766172737c613a313a7b733a31353a226d6573736167655f73756363657373223b733a333a226f6c64223b7d),
('oe88i672uq0n6vmii2po9dbs92idp4jm', '::1', 1524543092, 0x5f5f63695f6c6173745f726567656e65726174657c693a313532343534333039323b6964656e746974797c733a31353a2261646d696e4061646d696e2e636f6d223b656d61696c7c733a31353a2261646d696e4061646d696e2e636f6d223b757365725f69647c733a313a2231223b6f6c645f6c6173745f6c6f67696e7c733a31303a2231353234343538303337223b6c6173745f636865636b7c693a313532343533383837363b6c616e67416262726576696174696f6e7c733a323a227669223b),
('ot1sj3kv2ivoojgbg5qbqmbrm3qu444l', '::1', 1526541967, 0x5f5f63695f6c6173745f726567656e65726174657c693a313532363534313936373b6964656e746974797c733a31353a2261646d696e4061646d696e2e636f6d223b656d61696c7c733a31353a2261646d696e4061646d696e2e636f6d223b757365725f69647c733a313a2231223b6f6c645f6c6173745f6c6f67696e7c733a31303a2231353236343436333932223b6c6173745f636865636b7c693a313532363534313936373b),
('ouar0fqgpkqie6bou1576lcvkq6hvq9b', '::1', 1531111093, 0x5f5f63695f6c6173745f726567656e65726174657c693a313533313131313039333b6c616e67416262726576696174696f6e7c733a323a227669223b6964656e746974797c733a31353a2261646d696e4061646d696e2e636f6d223b656d61696c7c733a31353a2261646d696e4061646d696e2e636f6d223b757365725f69647c733a313a2231223b6f6c645f6c6173745f6c6f67696e7c733a31303a2231353239393838303837223b6c6173745f636865636b7c693a313533313130343833313b),
('p8mq9d0jc57tm1pjrd3mlq1qhmoehlcb', '::1', 1524539265, 0x5f5f63695f6c6173745f726567656e65726174657c693a313532343533393236353b6964656e746974797c733a31353a2261646d696e4061646d696e2e636f6d223b656d61696c7c733a31353a2261646d696e4061646d696e2e636f6d223b757365725f69647c733a313a2231223b6f6c645f6c6173745f6c6f67696e7c733a31303a2231353234343538303337223b6c6173745f636865636b7c693a313532343533383837363b6c616e67416262726576696174696f6e7c733a323a227669223b),
('pgvr49nct7u3pjcmcspd3vj2q32g4snf', '::1', 1528739666, 0x5f5f63695f6c6173745f726567656e65726174657c693a313532383733393636363b6964656e746974797c733a31353a2261646d696e4061646d696e2e636f6d223b656d61696c7c733a31353a2261646d696e4061646d696e2e636f6d223b757365725f69647c733a313a2231223b6f6c645f6c6173745f6c6f67696e7c733a31303a2231353237353831333834223b6c6173745f636865636b7c693a313532383733393636363b),
('pm45a34674egtagghju7s1rcttnvjq4h', '::1', 1528968624, 0x5f5f63695f6c6173745f726567656e65726174657c693a313532383936383632343b6964656e746974797c733a31353a2261646d696e4061646d696e2e636f6d223b656d61696c7c733a31353a2261646d696e4061646d696e2e636f6d223b757365725f69647c733a313a2231223b6f6c645f6c6173745f6c6f67696e7c733a31303a2231353238383132353537223b6c6173745f636865636b7c693a313532383936383632343b),
('pubn4v5nrju72islf5snvcgk9arc16k1', '::1', 1531110346, 0x5f5f63695f6c6173745f726567656e65726174657c693a313533313131303334363b6c616e67416262726576696174696f6e7c733a323a227669223b6964656e746974797c733a31353a2261646d696e4061646d696e2e636f6d223b656d61696c7c733a31353a2261646d696e4061646d696e2e636f6d223b757365725f69647c733a313a2231223b6f6c645f6c6173745f6c6f67696e7c733a31303a2231353239393838303837223b6c6173745f636865636b7c693a313533313130343833313b),
('q79orq2l03rsm4ee56tdhtaolo8vsmbs', '::1', 1524296627, 0x5f5f63695f6c6173745f726567656e65726174657c693a313532343239363632373b6964656e746974797c733a31353a2261646d696e4061646d696e2e636f6d223b656d61696c7c733a31353a2261646d696e4061646d696e2e636f6d223b757365725f69647c733a313a2231223b6f6c645f6c6173745f6c6f67696e7c733a31303a2231353234303430373434223b6c6173745f636865636b7c693a313532343239353834343b),
('q8f909egkmelc0ca5fv7tij98gst1tsm', '::1', 1531104831, 0x5f5f63695f6c6173745f726567656e65726174657c693a313533313130343833313b6c616e67416262726576696174696f6e7c733a323a227669223b6964656e746974797c733a31353a2261646d696e4061646d696e2e636f6d223b656d61696c7c733a31353a2261646d696e4061646d696e2e636f6d223b757365725f69647c733a313a2231223b6f6c645f6c6173745f6c6f67696e7c733a31303a2231353239393838303837223b6c6173745f636865636b7c693a313533313130343833313b),
('qfphnmrpaotah6249h0c35hkhtkeav38', '::1', 1526887946, 0x5f5f63695f6c6173745f726567656e65726174657c693a313532363838373934363b6964656e746974797c733a31353a2261646d696e4061646d696e2e636f6d223b656d61696c7c733a31353a2261646d696e4061646d696e2e636f6d223b757365725f69647c733a313a2231223b6f6c645f6c6173745f6c6f67696e7c733a31303a2231353236353431393637223b6c6173745f636865636b7c693a313532363838373934363b),
('qtb8gmmtvb6h4kh3rcqvs59i5cua54ie', '::1', 1524473374, 0x5f5f63695f6c6173745f726567656e65726174657c693a313532343437333337343b6c616e67416262726576696174696f6e7c733a323a227669223b6964656e746974797c733a31353a2261646d696e4061646d696e2e636f6d223b656d61696c7c733a31353a2261646d696e4061646d696e2e636f6d223b757365725f69647c733a313a2231223b6f6c645f6c6173745f6c6f67696e7c733a31303a2231353234343532353838223b6c6173745f636865636b7c693a313532343435383033373b),
('rkpe294hgom2nojugl0i7mkea2pbr142', '::1', 1524300130, 0x5f5f63695f6c6173745f726567656e65726174657c693a313532343330303133303b6964656e746974797c733a31353a2261646d696e4061646d696e2e636f6d223b656d61696c7c733a31353a2261646d696e4061646d696e2e636f6d223b757365725f69647c733a313a2231223b6f6c645f6c6173745f6c6f67696e7c733a31303a2231353234303430373434223b6c6173745f636865636b7c693a313532343239353834343b6c616e67416262726576696174696f6e7c733a323a22656e223b),
('sc00n02lefmudhpu0lo0kiul37toh7qp', '::1', 1525836376, 0x5f5f63695f6c6173745f726567656e65726174657c693a313532353833363337363b6c616e67416262726576696174696f6e7c733a323a227669223b6964656e746974797c733a31353a2261646d696e4061646d696e2e636f6d223b656d61696c7c733a31353a2261646d696e4061646d696e2e636f6d223b757365725f69647c733a313a2231223b6f6c645f6c6173745f6c6f67696e7c733a31303a2231353235333333363236223b6c6173745f636865636b7c693a313532353833363337363b),
('shehr1gamlie2uj8vptnc3o5fmahkrne', '::1', 1531111462, 0x5f5f63695f6c6173745f726567656e65726174657c693a313533313131313436323b6c616e67416262726576696174696f6e7c733a323a227669223b6964656e746974797c733a31353a2261646d696e4061646d696e2e636f6d223b656d61696c7c733a31353a2261646d696e4061646d696e2e636f6d223b757365725f69647c733a313a2231223b6f6c645f6c6173745f6c6f67696e7c733a31303a2231353239393838303837223b6c6173745f636865636b7c693a313533313130343833313b),
('sjgjn2sintsau0t04rcgdr10bcu3polg', '::1', 1526887988, 0x5f5f63695f6c6173745f726567656e65726174657c693a313532363838373934363b6964656e746974797c733a31353a2261646d696e4061646d696e2e636f6d223b656d61696c7c733a31353a2261646d696e4061646d696e2e636f6d223b757365725f69647c733a313a2231223b6f6c645f6c6173745f6c6f67696e7c733a31303a2231353236353431393637223b6c6173745f636865636b7c693a313532363838373934363b);
INSERT INTO `ci_sessions` (`id`, `ip_address`, `timestamp`, `data`) VALUES
('tfhiohe7594h45jnuum8jhg3ultfj2qc', '::1', 1531109501, 0x5f5f63695f6c6173745f726567656e65726174657c693a313533313130393530313b6c616e67416262726576696174696f6e7c733a323a227669223b6964656e746974797c733a31353a2261646d696e4061646d696e2e636f6d223b656d61696c7c733a31353a2261646d696e4061646d696e2e636f6d223b757365725f69647c733a313a2231223b6f6c645f6c6173745f6c6f67696e7c733a31303a2231353239393838303837223b6c6173745f636865636b7c693a313533313130343833313b),
('u1pvrtrqn38cnlo03m7f9hgl5u8vs3q6', '::1', 1529988087, 0x5f5f63695f6c6173745f726567656e65726174657c693a313532393938383038373b6964656e746974797c733a31353a2261646d696e4061646d696e2e636f6d223b656d61696c7c733a31353a2261646d696e4061646d696e2e636f6d223b757365725f69647c733a313a2231223b6f6c645f6c6173745f6c6f67696e7c733a31303a2231353239323933363339223b6c6173745f636865636b7c693a313532393938383038373b),
('u2mik7f4njqpdmmjl7u524er9ma7tvvp', '::1', 1526446392, 0x5f5f63695f6c6173745f726567656e65726174657c693a313532363434363339323b6c616e67416262726576696174696f6e7c733a323a227669223b6964656e746974797c733a31353a2261646d696e4061646d696e2e636f6d223b656d61696c7c733a31353a2261646d696e4061646d696e2e636f6d223b757365725f69647c733a313a2231223b6f6c645f6c6173745f6c6f67696e7c733a31303a2231353236343430383532223b6c6173745f636865636b7c693a313532363434363339323b),
('u8affb25at9krudf7kt4vfmrtu59f89h', '::1', 1524474630, 0x5f5f63695f6c6173745f726567656e65726174657c693a313532343437343633303b6c616e67416262726576696174696f6e7c733a323a227669223b6964656e746974797c733a31353a2261646d696e4061646d696e2e636f6d223b656d61696c7c733a31353a2261646d696e4061646d696e2e636f6d223b757365725f69647c733a313a2231223b6f6c645f6c6173745f6c6f67696e7c733a31303a2231353234343532353838223b6c6173745f636865636b7c693a313532343435383033373b),
('u8hf8qq5qu94rpnf0g2bgjge2rvc3p57', '::1', 1531105992, 0x5f5f63695f6c6173745f726567656e65726174657c693a313533313130353939323b6c616e67416262726576696174696f6e7c733a323a227669223b6964656e746974797c733a31353a2261646d696e4061646d696e2e636f6d223b656d61696c7c733a31353a2261646d696e4061646d696e2e636f6d223b757365725f69647c733a313a2231223b6f6c645f6c6173745f6c6f67696e7c733a31303a2231353239393838303837223b6c6173745f636865636b7c693a313533313130343833313b),
('u9k45e920158jsf1524vrgh7caeng9mj', '::1', 1526981781, 0x5f5f63695f6c6173745f726567656e65726174657c693a313532363938313738313b6964656e746974797c733a31353a2261646d696e4061646d696e2e636f6d223b656d61696c7c733a31353a2261646d696e4061646d696e2e636f6d223b757365725f69647c733a313a2231223b6f6c645f6c6173745f6c6f67696e7c733a31303a2231353236393539373434223b6c6173745f636865636b7c693a313532363937393434373b),
('ujodnas784hq03cb34mc955g820itklf', '::1', 1526959745, 0x5f5f63695f6c6173745f726567656e65726174657c693a313532363935393734353b6964656e746974797c733a31353a2261646d696e4061646d696e2e636f6d223b656d61696c7c733a31353a2261646d696e4061646d696e2e636f6d223b757365725f69647c733a313a2231223b6f6c645f6c6173745f6c6f67696e7c733a31303a2231353236383837393436223b6c6173745f636865636b7c693a313532363935393734343b),
('ulps5v3lvt3to65alaefunrrv0hlpg5f', '::1', 1528812566, 0x5f5f63695f6c6173745f726567656e65726174657c693a313532383831323535373b6c616e67416262726576696174696f6e7c733a323a227669223b6964656e746974797c733a31353a2261646d696e4061646d696e2e636f6d223b656d61696c7c733a31353a2261646d696e4061646d696e2e636f6d223b757365725f69647c733a313a2231223b6f6c645f6c6173745f6c6f67696e7c733a31303a2231353238373339363636223b6c6173745f636865636b7c693a313532383831323535373b),
('utf4tbeoiv2vokrbtb3dfkf8la0pelnp', '::1', 1524299826, 0x5f5f63695f6c6173745f726567656e65726174657c693a313532343239393832363b6964656e746974797c733a31353a2261646d696e4061646d696e2e636f6d223b656d61696c7c733a31353a2261646d696e4061646d696e2e636f6d223b757365725f69647c733a313a2231223b6f6c645f6c6173745f6c6f67696e7c733a31303a2231353234303430373434223b6c6173745f636865636b7c693a313532343239353834343b6c616e67416262726576696174696f6e7c733a323a22656e223b),
('uu9h9lrk7nmhp0t4ihm4ftkurau4tcbb', '::1', 1525333547, 0x5f5f63695f6c6173745f726567656e65726174657c693a313532353333333534373b6964656e746974797c733a31353a2261646d696e4061646d696e2e636f6d223b656d61696c7c733a31353a2261646d696e4061646d696e2e636f6d223b757365725f69647c733a313a2231223b6f6c645f6c6173745f6c6f67696e7c733a31303a2231353235333333353431223b6c6173745f636865636b7c693a313532353333333534373b),
('v44aog8vaki8g7n4ace5r7pn5rb22gfj', '::1', 1526440538, 0x5f5f63695f6c6173745f726567656e65726174657c693a313532363434303533383b6964656e746974797c733a31353a2261646d696e4061646d696e2e636f6d223b656d61696c7c733a31353a2261646d696e4061646d696e2e636f6d223b757365725f69647c733a313a2231223b6f6c645f6c6173745f6c6f67696e7c733a31303a2231353236333639363335223b6c6173745f636865636b7c693a313532363434303533383b),
('vapddcneoeju69uk0iul7i3h6ln5pngt', '::1', 1531112051, 0x5f5f63695f6c6173745f726567656e65726174657c693a313533313131313836323b6c616e67416262726576696174696f6e7c733a323a22656e223b6964656e746974797c733a31353a2261646d696e4061646d696e2e636f6d223b656d61696c7c733a31353a2261646d696e4061646d696e2e636f6d223b757365725f69647c733a313a2231223b6f6c645f6c6173745f6c6f67696e7c733a31303a2231353239393838303837223b6c6173745f636865636b7c693a313533313130343833313b),
('vjld0a03dp2pv1a7g96b9uko0h5pgkk7', '::1', 1524736712, 0x5f5f63695f6c6173745f726567656e65726174657c693a313532343733363731303b6964656e746974797c733a31353a2261646d696e4061646d696e2e636f6d223b656d61696c7c733a31353a2261646d696e4061646d696e2e636f6d223b757365725f69647c733a313a2231223b6f6c645f6c6173745f6c6f67696e7c733a31303a2231353234353338383736223b6c6173745f636865636b7c693a313532343733363731303b),
('vo5oc9dn06vopibpkn33ih348kjp6toa', '::1', 1524474932, 0x5f5f63695f6c6173745f726567656e65726174657c693a313532343437343933323b6c616e67416262726576696174696f6e7c733a323a227669223b6964656e746974797c733a31353a2261646d696e4061646d696e2e636f6d223b656d61696c7c733a31353a2261646d696e4061646d696e2e636f6d223b757365725f69647c733a313a2231223b6f6c645f6c6173745f6c6f67696e7c733a31303a2231353234343532353838223b6c6173745f636865636b7c693a313532343435383033373b6d6573736167655f737563636573737c733a33303a225468c3aa6d206de1bb9b69204d656e75207468c3a06e682063c3b46e6721223b5f5f63695f766172737c613a313a7b733a31353a226d6573736167655f73756363657373223b733a333a226f6c64223b7d),
('vvlp4p4cvmk2jtm3f673hv1l0r4jrs35', '::1', 1524541926, 0x5f5f63695f6c6173745f726567656e65726174657c693a313532343534313932363b6964656e746974797c733a31353a2261646d696e4061646d696e2e636f6d223b656d61696c7c733a31353a2261646d696e4061646d696e2e636f6d223b757365725f69647c733a313a2231223b6f6c645f6c6173745f6c6f67696e7c733a31303a2231353234343538303337223b6c6173745f636865636b7c693a313532343533383837363b6c616e67416262726576696174696f6e7c733a323a227669223b);

-- --------------------------------------------------------

--
-- Table structure for table `event`
--

CREATE TABLE `event` (
  `id` int(11) NOT NULL,
  `slug` text,
  `meta_keywords` varchar(255) DEFAULT NULL,
  `meta_description` varchar(255) DEFAULT NULL,
  `private_rooms` int(11) DEFAULT NULL,
  `private_floors` int(11) DEFAULT NULL,
  `full_restaurant` int(11) DEFAULT NULL,
  `image` text,
  `created_at` datetime DEFAULT NULL,
  `created_by` varchar(20) DEFAULT NULL,
  `updated_at` datetime DEFAULT NULL,
  `updated_by` varchar(20) DEFAULT NULL,
  `is_deleted` tinyint(1) DEFAULT '0',
  `is_activated` tinyint(4) DEFAULT '0'
) ENGINE=InnoDB DEFAULT CHARSET=utf8mb4;

--
-- Dumping data for table `event`
--

INSERT INTO `event` (`id`, `slug`, `meta_keywords`, `meta_description`, `private_rooms`, `private_floors`, `full_restaurant`, `image`, `created_at`, `created_by`, `updated_at`, `updated_by`, `is_deleted`, `is_activated`) VALUES
(14, 'tieng-viet', 'abc', 'abc', 30, 50, 100, '', '2018-04-24 10:23:57', 'administrator', '2018-04-24 10:23:57', 'administrator', 1, 0),
(15, 'tieng-viet-1-1', 'a', 'a', 30, 50, 100, 'dc53ac0a5ce33a3c269002bbcddc739e.jpg', '2018-04-24 10:25:04', 'administrator', '2018-06-26 11:42:18', 'administrator', 0, 0),
(16, 'asd-1', 'asda,asdasdas', 'asdasdasd', 30, 50, 10, '774a90edf91767977f7fe3d125c5053d.jpg', '2018-05-14 16:54:53', 'administrator', '2018-06-26 11:42:01', 'administrator', 0, 1);

-- --------------------------------------------------------

--
-- Table structure for table `event_lang`
--

CREATE TABLE `event_lang` (
  `id` int(11) NOT NULL,
  `event_id` int(11) NOT NULL,
  `title` text NOT NULL,
  `description` text,
  `content` text,
  `language` varchar(2) NOT NULL
) ENGINE=InnoDB DEFAULT CHARSET=utf8mb4;

--
-- Dumping data for table `event_lang`
--

INSERT INTO `event_lang` (`id`, `event_id`, `title`, `description`, `content`, `language`) VALUES
(37, 14, 'tieng viet', 'a', '<p>a</p>', 'vi'),
(38, 14, 'english', 'english', '<p>english</p>', 'en'),
(39, 14, '标题', '标题', '<p>标题</p>', 'cn'),
(40, 15, ' tieng viet', ' tieng viet', '<p>tieng viet</p>', 'vi'),
(41, 15, ' english ', ' english ', '<p>english</p>', 'en'),
(42, 15, '标题 ', '标题 ', '<p>标题</p>', 'cn'),
(43, 16, ' asd', ' ', '', 'vi'),
(44, 16, ' asd ', '  ', '', 'en'),
(45, 16, 'asd ', ' ', '', 'cn');

-- --------------------------------------------------------

--
-- Table structure for table `food`
--

CREATE TABLE `food` (
  `id` int(11) NOT NULL,
  `slug` varchar(255) COLLATE utf8mb4_unicode_ci NOT NULL,
  `image` text COLLATE utf8mb4_unicode_ci NOT NULL,
  `is_deleted` tinyint(4) NOT NULL DEFAULT '0',
  `created_at` datetime NOT NULL,
  `created_by` varchar(100) COLLATE utf8mb4_unicode_ci NOT NULL,
  `updated_at` datetime NOT NULL,
  `updated_by` varchar(100) COLLATE utf8mb4_unicode_ci NOT NULL
) ENGINE=InnoDB DEFAULT CHARSET=utf8mb4 COLLATE=utf8mb4_unicode_ci;

--
-- Dumping data for table `food`
--

INSERT INTO `food` (`id`, `slug`, `image`, `is_deleted`, `created_at`, `created_by`, `updated_at`, `updated_by`) VALUES
(4, 'mon-an-1', '[\"1b1c1edce02359e56887ef13f891130e.jpg\"]', 0, '2018-04-07 16:07:28', 'administrator', '2018-04-07 16:07:28', 'administrator');

-- --------------------------------------------------------

--
-- Table structure for table `food_lang`
--

CREATE TABLE `food_lang` (
  `id` int(11) NOT NULL,
  `food_id` int(11) NOT NULL,
  `title` varchar(255) COLLATE utf8mb4_unicode_ci NOT NULL,
  `description` text COLLATE utf8mb4_unicode_ci NOT NULL,
  `content` text COLLATE utf8mb4_unicode_ci NOT NULL,
  `language` varchar(100) COLLATE utf8mb4_unicode_ci NOT NULL
) ENGINE=InnoDB DEFAULT CHARSET=utf8mb4 COLLATE=utf8mb4_unicode_ci;

--
-- Dumping data for table `food_lang`
--

INSERT INTO `food_lang` (`id`, `food_id`, `title`, `description`, `content`, `language`) VALUES
(10, 4, 'Món ăn 1', 'Trên sait depuis longtemps que travailler avec du texte lisible và contenant du sens là nguồn gây mất tập trung, et empêche de se concentrer sur la mise en trang elle-même. L\'avantage du Lorem Ipsum sur un texte générique comme \'Du texte. Du texte. Du texte. \' est qu\'il possède une distribution de lettres plus ou moins normale, et en tout cas so sánh chuẩn avec celle du français. De nombreuses suites logicielles de mise en trang của các trang web Web ont fait du Lorem Ipsum leur faux texte par défaut, và une recherche pour \'Lorem Ipsum\' vous conduira vers de nombreux sites quy n\'en sont encore qu\'à leur phase de xây dựng. Các phiên bản của Plusieurs có thể được sử dụng để mô tả các tình huống xấu, sự cố xảy ra, sự cố ý thức (histoire d\'y rajouter de petits), các cụm từ ngụy biện (embarassantes).', '<p>Tr&ecirc;n sait depuis longtemps que travailler avec du texte lisible v&agrave; contenant du sens l&agrave; nguồn g&acirc;y mất tập trung, et emp&ecirc;che de se concentrer sur la mise en trang elle-m&ecirc;me. L\'avantage du Lorem Ipsum sur un texte g&eacute;n&eacute;rique comme \'Du texte. Du texte. Du texte. \' est qu\'il poss&egrave;de une distribution de lettres plus ou moins normale, et en tout cas so s&aacute;nh chuẩn avec celle du fran&ccedil;ais. De nombreuses suites logicielles de mise en trang của c&aacute;c trang web Web ont fait du Lorem Ipsum leur faux texte par d&eacute;faut, v&agrave; une recherche pour \'Lorem Ipsum\' vous conduira vers de nombreux sites quy n\'en sont encore qu\'&agrave; leur phase de x&acirc;y dựng. C&aacute;c phi&ecirc;n bản của Plusieurs c&oacute; thể được sử dụng để m&ocirc; tả c&aacute;c t&igrave;nh huống xấu, sự cố xảy ra, sự cố &yacute; thức (histoire d\'y rajouter de petits), c&aacute;c cụm từ ngụy biện (embarassantes).</p>', 'vi'),
(11, 4, 'Dishes 1', 'On sait depuis longtemps que travailler avec du texte lisible et contenant du sens est source de distractions, et empêche de se concentrer sur la mise en page elle-même. L\'avantage du Lorem Ipsum sur un texte générique comme \'Du texte. Du texte. Du texte.\' est qu\'il possède une distribution de lettres plus ou moins normale, et en tout cas comparable avec celle du français standard. De nombreuses suites logicielles de mise en page ou éditeurs de sites Web ont fait du Lorem Ipsum leur faux texte par défaut, et une recherche pour \'Lorem Ipsum\' vous conduira vers de nombreux sites qui n\'en sont encore qu\'à leur phase de construction. Plusieurs versions sont apparues avec le temps, parfois par accident, souvent intentionnellement (histoire d\'y rajouter de petits clins d\'oeil, voire des phrases embarassantes).', '<p>On sait depuis longtemps que travailler avec du texte lisible et contenant du sens est source de distractions, et emp&ecirc;che de se concentrer sur la mise en page elle-m&ecirc;me. L\'avantage du Lorem Ipsum sur un texte g&eacute;n&eacute;rique comme \'Du texte. Du texte. Du texte.\' est qu\'il poss&egrave;de une distribution de lettres plus ou moins normale, et en tout cas comparable avec celle du fran&ccedil;ais standard. De nombreuses suites logicielles de mise en page ou &eacute;diteurs de sites Web ont fait du Lorem Ipsum leur faux texte par d&eacute;faut, et une recherche pour \'Lorem Ipsum\' vous conduira vers de nombreux sites qui n\'en sont encore qu\'&agrave; leur phase de construction. Plusieurs versions sont apparues avec le temps, parfois par accident, souvent intentionnellement (histoire d\'y rajouter de petits clins d\'oeil, voire des phrases embarassantes).</p>', 'en'),
(12, 4, '菜肴1', '关于如何处理这些问题，请参阅以下内容：elle-même。 L\'avantage du Lorem Ipsum sur un textegénériquecomme\'Du texte。 Du texte。 Du texte。“ est qu\'ilpossèdeune distribution de lettres plus ou moins normale，et en tout cas cave avec celle dufrançaisstandard。 De nombreuses suite logicielles de mise en page ouéditeurs de sites Web ont fait du Lorem Ipsum leur faux texte pardéfaut，et une recherche pour\'Lorem Ipsum\'vous conduira vers de nombreux sites qui n\'en sont encorequ\'àleur phase de 施工。 Plusieurs版本不适用于临时工，parfois par事故，souvent意图元件（histoire d\'y rajouter de petits clins d\'oeil，voire des phrases embarassantes', '<p>关于如何处理这些问题，请参阅以下内容：elle-m&ecirc;me。 L\'avantage du Lorem Ipsum sur un texteg&eacute;n&eacute;riquecomme\'Du texte。 Du texte。 Du texte。&ldquo; est qu\'ilposs&egrave;deune distribution de lettres plus ou moins normale，et en tout cas cave avec celle dufran&ccedil;aisstandard。 De nombreuses suite logicielles de mise en page ou&eacute;diteurs de sites Web ont fait du Lorem Ipsum leur faux texte pard&eacute;faut，et une recherche pour\'Lorem Ipsum\'vous conduira vers de nombreux sites qui n\'en sont encorequ\'&agrave;leur phase de 施工。 Plusieurs版本不适用于临时工，parfois par事故，souvent意图元件（histoire d\'y rajouter de petits clins d\'oeil，voire des phrases embarassantes</p>', 'cn');

-- --------------------------------------------------------

--
-- Table structure for table `groups`
--

CREATE TABLE `groups` (
  `id` mediumint(8) UNSIGNED NOT NULL,
  `name` varchar(20) NOT NULL,
  `description` varchar(100) NOT NULL
) ENGINE=InnoDB DEFAULT CHARSET=utf8;

--
-- Dumping data for table `groups`
--

INSERT INTO `groups` (`id`, `name`, `description`) VALUES
(1, 'admin', 'Administrator'),
(2, 'members', 'General User');

-- --------------------------------------------------------

--
-- Table structure for table `image`
--

CREATE TABLE `image` (
  `id` int(11) NOT NULL,
  `library_id` int(11) NOT NULL,
  `image` text COLLATE utf8mb4_unicode_ci NOT NULL,
  `created_at` datetime NOT NULL,
  `created_by` varchar(100) COLLATE utf8mb4_unicode_ci NOT NULL,
  `updated_at` datetime NOT NULL,
  `updated_by` varchar(100) COLLATE utf8mb4_unicode_ci NOT NULL
) ENGINE=InnoDB DEFAULT CHARSET=utf8mb4 COLLATE=utf8mb4_unicode_ci;

--
-- Dumping data for table `image`
--

INSERT INTO `image` (`id`, `library_id`, `image`, `created_at`, `created_by`, `updated_at`, `updated_by`) VALUES
(56, 1, '0531e902c89d27780f3680bf433a3954.jpg', '2018-04-24 10:27:53', 'administrator', '2018-04-24 10:27:53', 'administrator'),
(57, 1, 'e3a81eb3a6b60c68c9c8be69b99ed7f9.jpg', '2018-04-24 10:27:53', 'administrator', '2018-04-24 10:27:53', 'administrator'),
(58, 1, 'e04ea4f129f669000dc219403c7856a2.jpg', '2018-04-24 10:27:53', 'administrator', '2018-04-24 10:27:53', 'administrator');

-- --------------------------------------------------------

--
-- Table structure for table `image_lang`
--

CREATE TABLE `image_lang` (
  `id` int(11) NOT NULL,
  `image_id` int(11) NOT NULL,
  `title` varchar(255) COLLATE utf8mb4_unicode_ci NOT NULL,
  `language` varchar(100) COLLATE utf8mb4_unicode_ci NOT NULL
) ENGINE=InnoDB DEFAULT CHARSET=utf8mb4 COLLATE=utf8mb4_unicode_ci;

--
-- Dumping data for table `image_lang`
--

INSERT INTO `image_lang` (`id`, `image_id`, `title`, `language`) VALUES
(148, 56, ' DASDAD', 'vi'),
(149, 56, '  ', 'en'),
(150, 56, ' ', 'cn'),
(151, 57, '', 'vi'),
(152, 57, '', 'en'),
(153, 57, '', 'cn'),
(154, 58, '', 'vi'),
(155, 58, '', 'en'),
(156, 58, '', 'cn');

-- --------------------------------------------------------

--
-- Table structure for table `library`
--

CREATE TABLE `library` (
  `id` int(11) NOT NULL,
  `slug` varchar(255) COLLATE utf8mb4_unicode_ci NOT NULL,
  `image` text COLLATE utf8mb4_unicode_ci NOT NULL,
  `is_deleted` tinyint(4) NOT NULL DEFAULT '0',
  `created_at` datetime NOT NULL,
  `created_by` varchar(100) COLLATE utf8mb4_unicode_ci NOT NULL,
  `updated_at` datetime NOT NULL,
  `updated_by` varchar(100) COLLATE utf8mb4_unicode_ci NOT NULL
) ENGINE=InnoDB DEFAULT CHARSET=utf8mb4 COLLATE=utf8mb4_unicode_ci;

-- --------------------------------------------------------

--
-- Table structure for table `library_lang`
--

CREATE TABLE `library_lang` (
  `id` int(11) NOT NULL,
  `library_id` int(11) NOT NULL,
  `title` varchar(255) COLLATE utf8mb4_unicode_ci NOT NULL,
  `language` varchar(255) COLLATE utf8mb4_unicode_ci NOT NULL
) ENGINE=InnoDB DEFAULT CHARSET=utf8mb4 COLLATE=utf8mb4_unicode_ci;

-- --------------------------------------------------------

--
-- Table structure for table `login_attempts`
--

CREATE TABLE `login_attempts` (
  `id` int(11) UNSIGNED NOT NULL,
  `ip_address` varchar(45) NOT NULL,
  `login` varchar(100) NOT NULL,
  `time` int(11) UNSIGNED DEFAULT NULL
) ENGINE=InnoDB DEFAULT CHARSET=utf8;

-- --------------------------------------------------------

--
-- Table structure for table `order`
--

CREATE TABLE `order` (
  `id` int(11) NOT NULL,
  `name` varchar(255) COLLATE utf8mb4_unicode_ci NOT NULL,
  `email` varchar(255) COLLATE utf8mb4_unicode_ci NOT NULL,
  `time` varchar(255) COLLATE utf8mb4_unicode_ci NOT NULL,
  `phone` varchar(20) COLLATE utf8mb4_unicode_ci NOT NULL,
  `quantity` int(11) NOT NULL,
  `status` tinyint(4) NOT NULL DEFAULT '0' COMMENT '0: pending, 1: success, 2:  cancel',
  `is_deleted` tinyint(4) NOT NULL DEFAULT '0',
  `created_at` datetime NOT NULL,
  `created_by` varchar(100) COLLATE utf8mb4_unicode_ci NOT NULL,
  `updated_at` datetime NOT NULL,
  `updated_by` varchar(100) COLLATE utf8mb4_unicode_ci NOT NULL
) ENGINE=InnoDB DEFAULT CHARSET=utf8mb4 COLLATE=utf8mb4_unicode_ci;

--
-- Dumping data for table `order`
--

INSERT INTO `order` (`id`, `name`, `email`, `time`, `phone`, `quantity`, `status`, `is_deleted`, `created_at`, `created_by`, `updated_at`, `updated_by`) VALUES
(6, 'Minh Truong', 'minhtruong93gtvt@gmail.com', '16h - 20/5/1993', '9857678620', 10, 2, 0, '0000-00-00 00:00:00', '', '0000-00-00 00:00:00', '');

-- --------------------------------------------------------

--
-- Table structure for table `our_food`
--

CREATE TABLE `our_food` (
  `id` int(11) NOT NULL,
  `slug` varchar(255) COLLATE utf8mb4_unicode_ci NOT NULL,
  `avatar` text COLLATE utf8mb4_unicode_ci,
  `image` text COLLATE utf8mb4_unicode_ci NOT NULL,
  `created_at` datetime NOT NULL,
  `created_by` varchar(100) COLLATE utf8mb4_unicode_ci NOT NULL,
  `updated_at` datetime NOT NULL,
  `updated_by` varchar(100) COLLATE utf8mb4_unicode_ci NOT NULL
) ENGINE=InnoDB DEFAULT CHARSET=utf8mb4 COLLATE=utf8mb4_unicode_ci;

--
-- Dumping data for table `our_food`
--

INSERT INTO `our_food` (`id`, `slug`, `avatar`, `image`, `created_at`, `created_by`, `updated_at`, `updated_by`) VALUES
(1, 'mon-an-cua-chung-toi', '6751b9d7b1ba355b460dde00b0ef5f21.jpg', '[\"6751b9d7b1ba355b460dde00b0ef5f21.jpg\",\"450a7bac9b08f9db5699412d20b6d476.jpg\",\"4c9c9cb7806baf450719c6a92dac3976.jpg\"]', '2018-04-24 10:19:34', 'administrator', '2018-04-24 10:19:34', 'administrator');

-- --------------------------------------------------------

--
-- Table structure for table `our_food_lang`
--

CREATE TABLE `our_food_lang` (
  `id` int(11) NOT NULL,
  `our_food_id` int(11) NOT NULL,
  `title` varchar(255) COLLATE utf8mb4_unicode_ci DEFAULT NULL,
  `content` text COLLATE utf8mb4_unicode_ci NOT NULL,
  `language` varchar(100) COLLATE utf8mb4_unicode_ci NOT NULL
) ENGINE=InnoDB DEFAULT CHARSET=utf8mb4 COLLATE=utf8mb4_unicode_ci;

--
-- Dumping data for table `our_food_lang`
--

INSERT INTO `our_food_lang` (`id`, `our_food_id`, `title`, `content`, `language`) VALUES
(1, 1, '      Món ăn của chúng tôi', '<p>Tr&ecirc;n sait depuis longtemps que travailler avec du texte lisible v&agrave; contenant du sens l&agrave; nguồn g&acirc;y mất tập trung, et emp&ecirc;che de se concentrer sur la mise en trang elle-m&ecirc;me. L\'avantage du Lorem Ipsum sur un texte g&eacute;n&eacute;rique comme \'Du texte. Du texte. Du texte. \' est qu\'il poss&egrave;de une distribution de lettres plus ou moins normale, et en tout cas so s&aacute;nh chuẩn avec celle du fran&ccedil;ais. De nombreuses suites logicielles de mise en trang của c&aacute;c trang web Web ont fait du Lorem Ipsum leur faux texte par d&eacute;faut, v&agrave; une recherche pour \'Lorem Ipsum\' vous conduira vers de nombreux sites quy n\'en sont encore qu\'&agrave; leur phase de x&acirc;y dựng. C&aacute;c phi&ecirc;n bản của Plusieurs c&oacute; thể được sử dụng để m&ocirc; tả c&aacute;c t&igrave;nh huống xấu, sự cố xảy ra, sự cố &yacute; thức (histoire d\'y rajouter de petits), c&aacute;c cụm từ ngụy biện (embarassantes).</p>', 'vi'),
(2, 1, '      Our Food      ', '<p>On sait depuis longtemps que travailler avec du texte lisible et contenant du sens est source de distractions, et emp&ecirc;che de se concentrer sur la mise en page elle-m&ecirc;me. L\'avantage du Lorem Ipsum sur un texte g&eacute;n&eacute;rique comme \'Du texte. Du texte. Du texte.\' est qu\'il poss&egrave;de une distribution de lettres plus ou moins normale, et en tout cas comparable avec celle du fran&ccedil;ais standard. De nombreuses suites logicielles de mise en page ou &eacute;diteurs de sites Web ont fait du Lorem Ipsum leur faux texte par d&eacute;faut, et une recherche pour \'Lorem Ipsum\' vous conduira vers de nombreux sites qui n\'en sont encore qu\'&agrave; leur phase de construction. Plusieurs versions sont apparues avec le temps, parfois par accident, souvent intentionnellement (histoire d\'y rajouter de petits clins d\'oeil, voire des phrases embarassantes).</p>', 'en'),
(3, 1, '我们的食物      ', '<p>关于如何处理这些问题，请参阅以下内容：elle-m&ecirc;me。 L\'avantage du Lorem Ipsum sur un texteg&eacute;n&eacute;riquecomme\'Du texte。 Du texte。 Du texte。&ldquo; est qu\'ilposs&egrave;deune distribution de lettres plus ou moins normale，et en tout cas cave avec celle dufran&ccedil;aisstandard。 De nombreuses suite logicielles de mise en page ou&eacute;diteurs de sites Web ont fait du Lorem Ipsum leur faux texte pard&eacute;faut，et une recherche pour\'Lorem Ipsum\'vous conduira vers de nombreux sites qui n\'en sont encorequ\'&agrave;leur phase de 施工。 Plusieurs版本不适用于临时工，parfois par事故，souvent意图元件（histoire d\'y rajouter de petits clins d\'oeil，voire des phrases embarassantes</p>', 'cn');

-- --------------------------------------------------------

--
-- Table structure for table `upload`
--

CREATE TABLE `upload` (
  `id` int(11) NOT NULL,
  `link` text COLLATE utf8mb4_unicode_ci NOT NULL,
  `created_at` datetime NOT NULL,
  `created_by` varchar(100) COLLATE utf8mb4_unicode_ci NOT NULL,
  `updated_at` datetime NOT NULL,
  `updated_by` varchar(100) COLLATE utf8mb4_unicode_ci NOT NULL,
  `is_activated` tinyint(4) NOT NULL DEFAULT '0',
  `type` tinyint(4) DEFAULT '0' COMMENT '0: food, 1: floor'
) ENGINE=InnoDB DEFAULT CHARSET=utf8mb4 COLLATE=utf8mb4_unicode_ci;

--
-- Dumping data for table `upload`
--

INSERT INTO `upload` (`id`, `link`, `created_at`, `created_by`, `updated_at`, `updated_by`, `is_activated`, `type`) VALUES
(20, '4e05d9f81b44f65e816065157460d725.pdf', '2018-04-24 10:22:08', 'administrator', '2018-04-24 10:22:08', 'administrator', 0, 0);

-- --------------------------------------------------------

--
-- Table structure for table `users`
--

CREATE TABLE `users` (
  `id` int(11) UNSIGNED NOT NULL,
  `ip_address` varchar(45) NOT NULL,
  `username` varchar(100) DEFAULT NULL,
  `password` varchar(255) NOT NULL,
  `salt` varchar(255) DEFAULT NULL,
  `email` varchar(254) NOT NULL,
  `activation_code` varchar(40) DEFAULT NULL,
  `forgotten_password_code` varchar(40) DEFAULT NULL,
  `forgotten_password_time` int(11) UNSIGNED DEFAULT NULL,
  `remember_code` varchar(40) DEFAULT NULL,
  `created_on` int(11) UNSIGNED NOT NULL,
  `last_login` int(11) UNSIGNED DEFAULT NULL,
  `active` tinyint(1) UNSIGNED DEFAULT NULL,
  `first_name` varchar(50) DEFAULT NULL,
  `last_name` varchar(50) DEFAULT NULL,
  `company` varchar(100) DEFAULT NULL,
  `phone` varchar(20) DEFAULT NULL
) ENGINE=InnoDB DEFAULT CHARSET=utf8;

--
-- Dumping data for table `users`
--

INSERT INTO `users` (`id`, `ip_address`, `username`, `password`, `salt`, `email`, `activation_code`, `forgotten_password_code`, `forgotten_password_time`, `remember_code`, `created_on`, `last_login`, `active`, `first_name`, `last_name`, `company`, `phone`) VALUES
(1, '127.0.0.1', 'administrator', '$2a$07$SeBknntpZror9uyftVopmu61qg0ms8Qv1yV6FG.kQOSM.9QhmTo36', '', 'admin@admin.com', '', NULL, NULL, NULL, 1268889823, 1531104831, 1, 'Admin', 'istrator', 'ADMIN', '0');

-- --------------------------------------------------------

--
-- Table structure for table `users_groups`
--

CREATE TABLE `users_groups` (
  `id` int(11) UNSIGNED NOT NULL,
  `user_id` int(11) UNSIGNED NOT NULL,
  `group_id` mediumint(8) UNSIGNED NOT NULL
) ENGINE=InnoDB DEFAULT CHARSET=utf8;

--
-- Dumping data for table `users_groups`
--

INSERT INTO `users_groups` (`id`, `user_id`, `group_id`) VALUES
(1, 1, 1),
(2, 1, 2);

--
-- Indexes for dumped tables
--

--
-- Indexes for table `about`
--
ALTER TABLE `about`
  ADD PRIMARY KEY (`id`) USING BTREE;

--
-- Indexes for table `about_lang`
--
ALTER TABLE `about_lang`
  ADD PRIMARY KEY (`id`) USING BTREE,
  ADD KEY `about_id` (`about_id`);

--
-- Indexes for table `banner`
--
ALTER TABLE `banner`
  ADD PRIMARY KEY (`id`);

--
-- Indexes for table `blog`
--
ALTER TABLE `blog`
  ADD PRIMARY KEY (`id`);

--
-- Indexes for table `blog_lang`
--
ALTER TABLE `blog_lang`
  ADD PRIMARY KEY (`id`);

--
-- Indexes for table `break`
--
ALTER TABLE `break`
  ADD PRIMARY KEY (`id`);

--
-- Indexes for table `break_lang`
--
ALTER TABLE `break_lang`
  ADD PRIMARY KEY (`id`);

--
-- Indexes for table `ci_sessions`
--
ALTER TABLE `ci_sessions`
  ADD PRIMARY KEY (`id`),
  ADD KEY `ci_sessions_timestamp` (`timestamp`);

--
-- Indexes for table `event`
--
ALTER TABLE `event`
  ADD PRIMARY KEY (`id`);

--
-- Indexes for table `event_lang`
--
ALTER TABLE `event_lang`
  ADD PRIMARY KEY (`id`),
  ADD KEY `event_id` (`event_id`);

--
-- Indexes for table `food`
--
ALTER TABLE `food`
  ADD PRIMARY KEY (`id`);

--
-- Indexes for table `food_lang`
--
ALTER TABLE `food_lang`
  ADD PRIMARY KEY (`id`),
  ADD KEY `food_id` (`food_id`);

--
-- Indexes for table `groups`
--
ALTER TABLE `groups`
  ADD PRIMARY KEY (`id`);

--
-- Indexes for table `image`
--
ALTER TABLE `image`
  ADD PRIMARY KEY (`id`);

--
-- Indexes for table `image_lang`
--
ALTER TABLE `image_lang`
  ADD PRIMARY KEY (`id`),
  ADD KEY `image_id` (`image_id`);

--
-- Indexes for table `library`
--
ALTER TABLE `library`
  ADD PRIMARY KEY (`id`);

--
-- Indexes for table `library_lang`
--
ALTER TABLE `library_lang`
  ADD PRIMARY KEY (`id`);

--
-- Indexes for table `login_attempts`
--
ALTER TABLE `login_attempts`
  ADD PRIMARY KEY (`id`);

--
-- Indexes for table `order`
--
ALTER TABLE `order`
  ADD PRIMARY KEY (`id`) USING BTREE;

--
-- Indexes for table `our_food`
--
ALTER TABLE `our_food`
  ADD PRIMARY KEY (`id`);

--
-- Indexes for table `our_food_lang`
--
ALTER TABLE `our_food_lang`
  ADD PRIMARY KEY (`id`),
  ADD KEY `our_food_id` (`our_food_id`);

--
-- Indexes for table `upload`
--
ALTER TABLE `upload`
  ADD PRIMARY KEY (`id`);

--
-- Indexes for table `users`
--
ALTER TABLE `users`
  ADD PRIMARY KEY (`id`);

--
-- Indexes for table `users_groups`
--
ALTER TABLE `users_groups`
  ADD PRIMARY KEY (`id`),
  ADD UNIQUE KEY `uc_users_groups` (`user_id`,`group_id`),
  ADD KEY `fk_users_groups_users1_idx` (`user_id`),
  ADD KEY `fk_users_groups_groups1_idx` (`group_id`);

--
-- AUTO_INCREMENT for dumped tables
--

--
-- AUTO_INCREMENT for table `about`
--
ALTER TABLE `about`
  MODIFY `id` int(11) NOT NULL AUTO_INCREMENT, AUTO_INCREMENT=2;

--
-- AUTO_INCREMENT for table `about_lang`
--
ALTER TABLE `about_lang`
  MODIFY `id` int(11) NOT NULL AUTO_INCREMENT, AUTO_INCREMENT=4;

--
-- AUTO_INCREMENT for table `banner`
--
ALTER TABLE `banner`
  MODIFY `id` int(11) NOT NULL AUTO_INCREMENT, AUTO_INCREMENT=17;

--
-- AUTO_INCREMENT for table `blog`
--
ALTER TABLE `blog`
  MODIFY `id` int(11) NOT NULL AUTO_INCREMENT, AUTO_INCREMENT=6;

--
-- AUTO_INCREMENT for table `blog_lang`
--
ALTER TABLE `blog_lang`
  MODIFY `id` int(11) NOT NULL AUTO_INCREMENT, AUTO_INCREMENT=16;

--
-- AUTO_INCREMENT for table `break`
--
ALTER TABLE `break`
  MODIFY `id` int(11) NOT NULL AUTO_INCREMENT, AUTO_INCREMENT=3;

--
-- AUTO_INCREMENT for table `break_lang`
--
ALTER TABLE `break_lang`
  MODIFY `id` int(11) NOT NULL AUTO_INCREMENT, AUTO_INCREMENT=7;

--
-- AUTO_INCREMENT for table `event`
--
ALTER TABLE `event`
  MODIFY `id` int(11) NOT NULL AUTO_INCREMENT, AUTO_INCREMENT=17;

--
-- AUTO_INCREMENT for table `event_lang`
--
ALTER TABLE `event_lang`
  MODIFY `id` int(11) NOT NULL AUTO_INCREMENT, AUTO_INCREMENT=46;

--
-- AUTO_INCREMENT for table `food`
--
ALTER TABLE `food`
  MODIFY `id` int(11) NOT NULL AUTO_INCREMENT, AUTO_INCREMENT=5;

--
-- AUTO_INCREMENT for table `food_lang`
--
ALTER TABLE `food_lang`
  MODIFY `id` int(11) NOT NULL AUTO_INCREMENT, AUTO_INCREMENT=13;

--
-- AUTO_INCREMENT for table `groups`
--
ALTER TABLE `groups`
  MODIFY `id` mediumint(8) UNSIGNED NOT NULL AUTO_INCREMENT, AUTO_INCREMENT=3;

--
-- AUTO_INCREMENT for table `image`
--
ALTER TABLE `image`
  MODIFY `id` int(11) NOT NULL AUTO_INCREMENT, AUTO_INCREMENT=59;

--
-- AUTO_INCREMENT for table `image_lang`
--
ALTER TABLE `image_lang`
  MODIFY `id` int(11) NOT NULL AUTO_INCREMENT, AUTO_INCREMENT=157;

--
-- AUTO_INCREMENT for table `library`
--
ALTER TABLE `library`
  MODIFY `id` int(11) NOT NULL AUTO_INCREMENT;

--
-- AUTO_INCREMENT for table `library_lang`
--
ALTER TABLE `library_lang`
  MODIFY `id` int(11) NOT NULL AUTO_INCREMENT;

--
-- AUTO_INCREMENT for table `login_attempts`
--
ALTER TABLE `login_attempts`
  MODIFY `id` int(11) UNSIGNED NOT NULL AUTO_INCREMENT;

--
-- AUTO_INCREMENT for table `order`
--
ALTER TABLE `order`
  MODIFY `id` int(11) NOT NULL AUTO_INCREMENT, AUTO_INCREMENT=7;

--
-- AUTO_INCREMENT for table `our_food`
--
ALTER TABLE `our_food`
  MODIFY `id` int(11) NOT NULL AUTO_INCREMENT, AUTO_INCREMENT=2;

--
-- AUTO_INCREMENT for table `our_food_lang`
--
ALTER TABLE `our_food_lang`
  MODIFY `id` int(11) NOT NULL AUTO_INCREMENT, AUTO_INCREMENT=4;

--
-- AUTO_INCREMENT for table `upload`
--
ALTER TABLE `upload`
  MODIFY `id` int(11) NOT NULL AUTO_INCREMENT, AUTO_INCREMENT=21;

--
-- AUTO_INCREMENT for table `users`
--
ALTER TABLE `users`
  MODIFY `id` int(11) UNSIGNED NOT NULL AUTO_INCREMENT, AUTO_INCREMENT=2;

--
-- AUTO_INCREMENT for table `users_groups`
--
ALTER TABLE `users_groups`
  MODIFY `id` int(11) UNSIGNED NOT NULL AUTO_INCREMENT, AUTO_INCREMENT=3;

--
-- Constraints for dumped tables
--

--
-- Constraints for table `about_lang`
--
ALTER TABLE `about_lang`
  ADD CONSTRAINT `about_lang_ibfk_1` FOREIGN KEY (`about_id`) REFERENCES `about` (`id`);

--
-- Constraints for table `event_lang`
--
ALTER TABLE `event_lang`
  ADD CONSTRAINT `event_lang_ibfk_1` FOREIGN KEY (`event_id`) REFERENCES `event` (`id`);

--
-- Constraints for table `food_lang`
--
ALTER TABLE `food_lang`
  ADD CONSTRAINT `food_lang_ibfk_1` FOREIGN KEY (`food_id`) REFERENCES `food` (`id`);

--
-- Constraints for table `image_lang`
--
ALTER TABLE `image_lang`
  ADD CONSTRAINT `image_lang_ibfk_1` FOREIGN KEY (`image_id`) REFERENCES `image` (`id`);

--
-- Constraints for table `our_food_lang`
--
ALTER TABLE `our_food_lang`
  ADD CONSTRAINT `our_food_lang_ibfk_1` FOREIGN KEY (`our_food_id`) REFERENCES `our_food` (`id`);

--
-- Constraints for table `users_groups`
--
ALTER TABLE `users_groups`
  ADD CONSTRAINT `fk_users_groups_groups1` FOREIGN KEY (`group_id`) REFERENCES `groups` (`id`) ON DELETE CASCADE ON UPDATE NO ACTION,
  ADD CONSTRAINT `fk_users_groups_users1` FOREIGN KEY (`user_id`) REFERENCES `users` (`id`) ON DELETE CASCADE ON UPDATE NO ACTION;
COMMIT;

/*!40101 SET CHARACTER_SET_CLIENT=@OLD_CHARACTER_SET_CLIENT */;
/*!40101 SET CHARACTER_SET_RESULTS=@OLD_CHARACTER_SET_RESULTS */;
/*!40101 SET COLLATION_CONNECTION=@OLD_COLLATION_CONNECTION */;
